-- phpMyAdmin SQL Dump
-- version 5.2.1
-- https://www.phpmyadmin.net/
--
-- Host: 127.0.0.1
-- Generation Time: Feb 25, 2026 at 06:54 PM
-- Server version: 10.4.32-MariaDB
-- PHP Version: 8.2.12

SET SQL_MODE = "NO_AUTO_VALUE_ON_ZERO";
START TRANSACTION;
SET time_zone = "+00:00";


/*!40101 SET @OLD_CHARACTER_SET_CLIENT=@@CHARACTER_SET_CLIENT */;
/*!40101 SET @OLD_CHARACTER_SET_RESULTS=@@CHARACTER_SET_RESULTS */;
/*!40101 SET @OLD_COLLATION_CONNECTION=@@COLLATION_CONNECTION */;
/*!40101 SET NAMES utf8mb4 */;

--
-- Database: `vms`
--

-- --------------------------------------------------------

--
-- Table structure for table `active_move`
--

CREATE TABLE `active_move` (
  `id` int(11) NOT NULL,
  `vehicle_id` int(11) DEFAULT NULL,
  `lat` decimal(11,8) DEFAULT NULL,
  `lng` decimal(11,8) DEFAULT NULL,
  `speed` int(11) DEFAULT NULL,
  `is_night_move` tinyint(1) DEFAULT 0,
  `recorded_at` timestamp NOT NULL DEFAULT current_timestamp()
) ENGINE=InnoDB DEFAULT CHARSET=utf8mb4 COLLATE=utf8mb4_general_ci;

--
-- Dumping data for table `active_move`
--

INSERT INTO `active_move` (`id`, `vehicle_id`, `lat`, `lng`, `speed`, `is_night_move`, `recorded_at`) VALUES
(1, 1, 33.56546800, 73.07663300, 0, 0, '2026-02-25 13:44:56'),
(2, 1, 33.56546800, 73.07663300, 0, 0, '2026-02-25 13:45:07'),
(3, 1, 33.56546800, 73.07663300, 0, 0, '2026-02-25 13:45:16'),
(4, 1, 33.56546800, 73.07663300, 0, 0, '2026-02-25 13:45:26'),
(5, 1, 33.56546800, 73.07663300, 0, 0, '2026-02-25 13:45:37'),
(6, 1, 33.56546800, 73.07663300, 0, 0, '2026-02-25 13:45:47'),
(7, 1, 33.56546800, 73.07663300, 0, 0, '2026-02-25 13:46:00'),
(8, 1, 33.56546800, 73.07663300, 0, 0, '2026-02-25 13:46:08'),
(9, 1, 33.56546800, 73.07663300, 0, 0, '2026-02-25 13:46:18'),
(10, 1, 33.56546800, 73.07663300, 0, 0, '2026-02-25 13:46:28'),
(11, 1, 33.56546800, 73.07663300, 0, 0, '2026-02-25 13:46:38'),
(12, 1, 33.56546800, 73.07663300, 0, 1, '2026-02-25 14:01:17'),
(13, 1, 33.56546800, 73.07663300, 0, 1, '2026-02-25 14:01:17'),
(14, 1, 33.56546800, 73.07663300, 0, 1, '2026-02-25 14:01:18'),
(15, 1, 33.56546800, 73.07663300, 0, 1, '2026-02-25 14:01:19'),
(16, 1, 33.56546800, 73.07663300, 0, 1, '2026-02-25 14:01:20'),
(17, 1, 33.56546800, 73.07663300, 0, 1, '2026-02-25 14:01:21'),
(18, 1, 33.56546800, 73.07663300, 0, 1, '2026-02-25 14:01:22'),
(19, 1, 33.56546800, 73.07663300, 0, 1, '2026-02-25 14:01:22'),
(20, 1, 33.56546800, 73.07663300, 0, 1, '2026-02-25 14:01:23'),
(21, 1, 33.56546800, 73.07663300, 0, 1, '2026-02-25 14:01:24'),
(22, 1, 33.56546800, 73.07663300, 0, 1, '2026-02-25 14:01:24'),
(23, 1, 33.56546800, 73.07663300, 0, 1, '2026-02-25 14:01:25'),
(24, 1, 33.56546800, 73.07663300, 0, 1, '2026-02-25 14:01:25'),
(25, 1, 33.56546800, 73.07663300, 0, 1, '2026-02-25 14:01:26'),
(26, 1, 33.56546800, 73.07663300, 0, 1, '2026-02-25 14:01:26'),
(27, 1, 33.56546800, 73.07663300, 0, 1, '2026-02-25 14:01:27'),
(28, 1, 33.56546800, 73.07663300, 0, 1, '2026-02-25 14:01:27'),
(29, 1, 33.56546800, 73.07663300, 0, 1, '2026-02-25 14:01:28'),
(30, 1, 33.56546800, 73.07663300, 0, 1, '2026-02-25 14:01:29'),
(31, 1, 33.56546800, 73.07663300, 0, 1, '2026-02-25 14:01:29'),
(32, 1, 33.56546800, 73.07663300, 0, 1, '2026-02-25 14:01:30'),
(33, 1, 33.56546800, 73.07663300, 0, 1, '2026-02-25 14:01:30'),
(34, 1, 33.56546800, 73.07663300, 0, 1, '2026-02-25 14:01:31'),
(35, 1, 33.56546800, 73.07663300, 0, 1, '2026-02-25 14:01:32'),
(36, 1, 33.56546800, 73.07663300, 0, 1, '2026-02-25 14:01:33'),
(37, 1, 33.56546800, 73.07663300, 0, 1, '2026-02-25 14:01:33'),
(38, 1, 33.56546800, 73.07663300, 0, 1, '2026-02-25 14:01:34'),
(39, 1, 33.56546800, 73.07663300, 0, 1, '2026-02-25 14:01:34'),
(40, 1, 33.56546800, 73.07663300, 0, 1, '2026-02-25 14:01:35'),
(41, 1, 33.56546800, 73.07663300, 0, 1, '2026-02-25 14:01:35'),
(42, 1, 33.56546800, 73.07663300, 0, 1, '2026-02-25 14:01:36'),
(43, 1, 33.56546800, 73.07663300, 0, 1, '2026-02-25 14:01:37'),
(44, 1, 33.56546800, 73.07663300, 0, 1, '2026-02-25 14:01:37'),
(45, 1, 33.56546800, 73.07663300, 0, 1, '2026-02-25 14:01:38'),
(46, 1, 33.56546800, 73.07663300, 0, 1, '2026-02-25 14:01:39'),
(47, 1, 33.56546800, 73.07663300, 0, 1, '2026-02-25 14:01:39'),
(48, 1, 33.56546800, 73.07663300, 0, 1, '2026-02-25 14:01:40'),
(49, 1, 33.56546800, 73.07663300, 0, 1, '2026-02-25 14:01:40'),
(50, 1, 33.56546800, 73.07663300, 0, 1, '2026-02-25 14:01:41'),
(51, 1, 33.56546800, 73.07663300, 0, 1, '2026-02-25 14:01:41'),
(52, 1, 33.56546800, 73.07663300, 0, 1, '2026-02-25 14:01:42'),
(53, 1, 33.56546800, 73.07663300, 0, 1, '2026-02-25 14:01:43'),
(54, 1, 33.56546800, 73.07663300, 0, 1, '2026-02-25 14:01:43'),
(55, 1, 33.56546800, 73.07663300, 0, 1, '2026-02-25 14:01:44'),
(56, 1, 33.56546800, 73.07663300, 0, 1, '2026-02-25 14:01:44'),
(57, 1, 33.56546800, 73.07663300, 0, 1, '2026-02-25 14:01:45'),
(58, 1, 33.56546800, 73.07663300, 0, 1, '2026-02-25 14:01:46'),
(59, 1, 33.56546800, 73.07663300, 0, 1, '2026-02-25 14:01:46'),
(60, 1, 33.56546800, 73.07663300, 0, 1, '2026-02-25 14:01:47'),
(61, 1, 33.56546800, 73.07663300, 0, 1, '2026-02-25 14:01:47'),
(62, 1, 33.56546800, 73.07663300, 0, 1, '2026-02-25 14:01:48'),
(63, 1, 33.56546800, 73.07663300, 0, 1, '2026-02-25 14:01:48'),
(64, 1, 33.56546800, 73.07663300, 0, 1, '2026-02-25 14:01:49'),
(65, 1, 33.56546800, 73.07663300, 0, 1, '2026-02-25 14:01:49'),
(66, 1, 33.56546800, 73.07663300, 0, 1, '2026-02-25 14:01:50'),
(67, 1, 33.56546800, 73.07663300, 0, 1, '2026-02-25 14:01:51'),
(68, 1, 33.56546800, 73.07663300, 0, 1, '2026-02-25 14:01:51'),
(69, 1, 33.56546800, 73.07663300, 0, 1, '2026-02-25 14:01:52'),
(70, 1, 33.56546800, 73.07663300, 0, 1, '2026-02-25 14:01:52'),
(71, 1, 33.56546800, 73.07663300, 0, 1, '2026-02-25 14:01:53'),
(72, 1, 33.56546800, 73.07663300, 0, 1, '2026-02-25 14:01:54'),
(73, 1, 33.56546800, 73.07663300, 0, 1, '2026-02-25 14:01:54'),
(74, 1, 33.56546800, 73.07663300, 0, 1, '2026-02-25 14:01:55'),
(75, 1, 33.56546800, 73.07663300, 0, 1, '2026-02-25 14:01:55'),
(76, 1, 33.56546800, 73.07663300, 0, 1, '2026-02-25 14:01:56'),
(77, 1, 33.56546800, 73.07663300, 0, 1, '2026-02-25 14:01:58'),
(78, 1, 33.56546800, 73.07663300, 0, 1, '2026-02-25 14:01:58'),
(79, 1, 33.56546800, 73.07663300, 0, 1, '2026-02-25 14:01:59'),
(80, 1, 33.56546800, 73.07663300, 0, 1, '2026-02-25 14:02:00'),
(81, 1, 33.56546800, 73.07663300, 0, 1, '2026-02-25 14:02:00'),
(82, 1, 33.56546800, 73.07663300, 0, 1, '2026-02-25 14:02:01'),
(83, 1, 33.56546800, 73.07663300, 0, 1, '2026-02-25 14:02:01'),
(84, 1, 33.56546800, 73.07663300, 0, 1, '2026-02-25 14:02:02'),
(85, 1, 33.56546800, 73.07663300, 0, 1, '2026-02-25 14:02:03'),
(86, 1, 33.56546800, 73.07663300, 0, 1, '2026-02-25 14:02:03'),
(87, 1, 33.56546800, 73.07663300, 0, 1, '2026-02-25 14:02:04'),
(88, 1, 33.56546800, 73.07663300, 0, 1, '2026-02-25 14:02:05'),
(89, 1, 33.56546800, 73.07663300, 0, 1, '2026-02-25 14:02:05'),
(90, 1, 33.56546800, 73.07663300, 0, 1, '2026-02-25 14:02:06'),
(91, 1, 33.56546800, 73.07663300, 0, 1, '2026-02-25 14:02:07'),
(92, 1, 33.56546800, 73.07663300, 0, 1, '2026-02-25 14:02:07'),
(93, 1, 33.56546800, 73.07663300, 0, 1, '2026-02-25 14:02:08'),
(94, 1, 33.56546800, 73.07663300, 0, 1, '2026-02-25 14:02:09'),
(95, 1, 33.56546800, 73.07663300, 0, 1, '2026-02-25 14:02:10'),
(96, 1, 33.56546800, 73.07663300, 0, 1, '2026-02-25 14:02:10'),
(97, 1, 33.56546800, 73.07663300, 0, 1, '2026-02-25 14:02:11'),
(98, 1, 33.56546800, 73.07663300, 0, 1, '2026-02-25 14:02:22'),
(99, 1, 33.56546800, 73.07663300, 0, 1, '2026-02-25 14:02:32'),
(100, 1, 33.56546800, 73.07663300, 0, 1, '2026-02-25 14:02:42'),
(101, 1, 33.56546800, 73.07663300, 0, 1, '2026-02-25 14:02:52'),
(102, 1, 33.56546800, 73.07663300, 0, 1, '2026-02-25 14:03:03'),
(103, 1, 33.56546800, 73.07663300, 0, 1, '2026-02-25 14:03:13'),
(104, 1, 33.56546800, 73.07663300, 0, 1, '2026-02-25 14:03:24'),
(105, 1, 33.56546800, 73.07663300, 0, 1, '2026-02-25 14:03:26'),
(106, 1, 33.56546800, 73.07663300, 0, 1, '2026-02-25 14:03:35'),
(107, 1, 33.56546800, 73.07663300, 0, 1, '2026-02-25 14:03:44'),
(108, 1, 33.56546800, 73.07663300, 0, 1, '2026-02-25 14:03:56'),
(109, 1, 33.56546800, 73.07663300, 0, 1, '2026-02-25 14:04:07'),
(110, 1, 33.56546800, 73.07663300, 0, 1, '2026-02-25 14:04:18'),
(111, 1, 33.56546800, 73.07663300, 0, 1, '2026-02-25 14:04:28'),
(112, 1, 33.56546800, 73.07663300, 0, 1, '2026-02-25 14:04:38'),
(113, 1, 33.56546800, 73.07663300, 0, 1, '2026-02-25 14:04:47'),
(114, 1, 33.56546800, 73.07663300, 0, 1, '2026-02-25 14:04:55'),
(115, 1, 33.56546800, 73.07663300, 0, 1, '2026-02-25 14:04:58'),
(116, 1, 33.56546800, 73.07663300, 0, 1, '2026-02-25 14:05:04'),
(117, 1, 33.56546800, 73.07663300, 0, 1, '2026-02-25 14:05:11'),
(118, 1, 33.56546800, 73.07663300, 0, 1, '2026-02-25 14:05:14'),
(119, 1, 33.56546800, 73.07663300, 0, 1, '2026-02-25 14:05:20'),
(120, 1, 33.56546800, 73.07663300, 0, 1, '2026-02-25 14:05:26'),
(121, 1, 33.56546800, 73.07663300, 0, 1, '2026-02-25 14:05:33'),
(122, 1, 33.56546800, 73.07663300, 0, 1, '2026-02-25 14:05:37'),
(123, 1, 33.56546800, 73.07663300, 0, 1, '2026-02-25 14:05:44'),
(124, 1, 33.56546800, 73.07663300, 0, 1, '2026-02-25 14:05:49'),
(125, 1, 33.56546800, 73.07663300, 0, 1, '2026-02-25 14:05:54'),
(126, 1, 33.56546800, 73.07663300, 0, 1, '2026-02-25 14:06:00'),
(127, 1, 33.56546800, 73.07663300, 0, 1, '2026-02-25 14:06:05'),
(128, 1, 33.56546800, 73.07663300, 0, 1, '2026-02-25 14:06:11'),
(129, 1, 33.56546800, 73.07663300, 0, 1, '2026-02-25 14:06:18'),
(130, 1, 33.56546800, 73.07663300, 0, 1, '2026-02-25 14:06:22'),
(131, 1, 33.56546800, 73.07663300, 0, 1, '2026-02-25 14:06:28'),
(132, 1, 33.56546800, 73.07663300, 0, 1, '2026-02-25 14:06:34'),
(133, 1, 33.56546800, 73.07663300, 0, 1, '2026-02-25 14:06:36'),
(134, 1, 33.56546800, 73.07663300, 0, 1, '2026-02-25 14:06:40'),
(135, 1, 33.56546800, 73.07663300, 0, 1, '2026-02-25 14:06:45'),
(136, 1, 33.56546800, 73.07663300, 0, 1, '2026-02-25 14:06:51'),
(137, 1, 33.56546800, 73.07663300, 0, 1, '2026-02-25 14:06:57'),
(138, 1, 33.56546800, 73.07663300, 0, 1, '2026-02-25 14:07:04'),
(139, 1, 33.56546800, 73.07663300, 0, 1, '2026-02-25 14:07:09'),
(140, 1, 33.56546800, 73.07663300, 0, 1, '2026-02-25 14:07:22'),
(141, 1, 33.56546800, 73.07663300, 0, 1, '2026-02-25 14:07:23'),
(142, 1, 33.56546800, 73.07663300, 0, 1, '2026-02-25 14:07:26'),
(143, 1, 33.56546800, 73.07663300, 0, 1, '2026-02-25 14:07:33'),
(144, 1, 33.56546800, 73.07663300, 0, 1, '2026-02-25 14:07:38'),
(145, 1, 33.56546800, 73.07663300, 0, 1, '2026-02-25 14:07:42'),
(146, 1, 33.56546800, 73.07663300, 0, 1, '2026-02-25 14:07:49'),
(147, 1, 33.56546800, 73.07663300, 0, 1, '2026-02-25 14:07:54'),
(148, 1, 33.56546800, 73.07663300, 0, 1, '2026-02-25 14:07:58'),
(149, 1, 33.56546800, 73.07663300, 0, 1, '2026-02-25 14:08:03'),
(150, 1, 33.56546800, 73.07663300, 0, 1, '2026-02-25 14:08:10'),
(151, 1, 33.56546800, 73.07663300, 0, 1, '2026-02-25 14:08:16'),
(152, 1, 33.56546800, 73.07663300, 0, 1, '2026-02-25 14:08:20'),
(153, 1, 33.56546800, 73.07663300, 0, 1, '2026-02-25 14:08:27'),
(154, 1, 33.56546800, 73.07663300, 0, 1, '2026-02-25 14:08:33'),
(155, 1, 33.56546800, 73.07663300, 0, 1, '2026-02-25 14:08:38'),
(156, 1, 33.56546800, 73.07663300, 0, 1, '2026-02-25 14:08:43'),
(157, 1, 33.56546800, 73.07663300, 0, 1, '2026-02-25 14:08:49'),
(158, 1, 33.56546800, 73.07663300, 0, 1, '2026-02-25 14:08:53'),
(159, 1, 33.56546800, 73.07663300, 0, 1, '2026-02-25 14:08:59'),
(160, 1, 33.56546800, 73.07663300, 0, 1, '2026-02-25 14:09:04'),
(161, 1, 33.56546800, 73.07663300, 0, 1, '2026-02-25 14:09:09'),
(162, 1, 33.56546800, 73.07663300, 0, 1, '2026-02-25 14:09:15'),
(163, 1, 33.56546800, 73.07663300, 0, 1, '2026-02-25 14:09:21'),
(164, 1, 33.56546800, 73.07663300, 0, 1, '2026-02-25 14:09:25'),
(165, 1, 33.56546800, 73.07663300, 0, 1, '2026-02-25 14:09:32'),
(166, 1, 33.56546800, 73.07663300, 0, 1, '2026-02-25 14:09:38'),
(167, 1, 33.56546800, 73.07663300, 0, 1, '2026-02-25 14:09:52'),
(168, 1, 33.56546800, 73.07663300, 0, 1, '2026-02-25 14:09:55'),
(169, 1, 33.56546800, 73.07663300, 0, 1, '2026-02-25 14:09:55'),
(170, 1, 33.56546800, 73.07663300, 0, 1, '2026-02-25 14:09:59'),
(171, 1, 33.56546800, 73.07663300, 0, 1, '2026-02-25 14:10:05'),
(172, 1, 33.56546800, 73.07663300, 0, 1, '2026-02-25 14:10:18'),
(173, 1, 33.56546800, 73.07663300, 0, 1, '2026-02-25 14:10:21'),
(174, 1, 33.56546800, 73.07663300, 0, 1, '2026-02-25 14:10:22'),
(175, 1, 33.56546800, 73.07663300, 0, 1, '2026-02-25 14:10:28'),
(176, 1, 33.56546800, 73.07663300, 0, 1, '2026-02-25 14:10:32'),
(177, 1, 33.56546800, 73.07663300, 0, 1, '2026-02-25 14:10:38'),
(178, 1, 33.56546800, 73.07663300, 0, 1, '2026-02-25 14:10:43'),
(179, 1, 33.56546800, 73.07663300, 0, 1, '2026-02-25 14:10:49'),
(180, 1, 33.56546800, 73.07663300, 0, 1, '2026-02-25 14:10:55'),
(181, 1, 33.56546800, 73.07663300, 0, 1, '2026-02-25 14:11:00'),
(182, 1, 33.56546800, 73.07663300, 0, 1, '2026-02-25 14:11:06'),
(183, 1, 33.56546800, 73.07663300, 0, 1, '2026-02-25 14:11:11'),
(184, 1, 33.56546800, 73.07663300, 0, 1, '2026-02-25 14:11:16'),
(185, 1, 33.56546800, 73.07663300, 0, 1, '2026-02-25 14:11:23'),
(186, 1, 33.56546800, 73.07663300, 0, 1, '2026-02-25 14:11:27'),
(187, 1, 33.56546800, 73.07663300, 0, 1, '2026-02-25 14:11:33'),
(188, 1, 33.56546800, 73.07663300, 0, 1, '2026-02-25 14:12:27'),
(189, 1, 33.56546800, 73.07663300, 0, 1, '2026-02-25 14:12:28'),
(190, 1, 33.56546800, 73.07663300, 0, 1, '2026-02-25 14:12:28'),
(191, 1, 33.56546800, 73.07663300, 0, 1, '2026-02-25 14:12:29'),
(192, 1, 33.56546800, 73.07663300, 0, 1, '2026-02-25 14:12:30'),
(193, 1, 33.56546800, 73.07663300, 0, 1, '2026-02-25 14:12:30'),
(194, 1, 33.56546800, 73.07663300, 0, 1, '2026-02-25 14:12:31'),
(195, 1, 33.56546800, 73.07663300, 0, 1, '2026-02-25 14:12:31'),
(196, 1, 33.56546800, 73.07663300, 0, 1, '2026-02-25 14:12:31'),
(197, 1, 33.56546800, 73.07663300, 0, 1, '2026-02-25 14:12:32'),
(198, 1, 33.56546800, 73.07663300, 0, 1, '2026-02-25 14:12:32'),
(199, 1, 33.56546800, 73.07663300, 0, 1, '2026-02-25 14:13:37'),
(200, 1, 33.56546800, 73.07663300, 0, 1, '2026-02-25 14:13:37'),
(201, 1, 33.56546800, 73.07663300, 0, 1, '2026-02-25 14:13:38'),
(202, 1, 33.56546800, 73.07663300, 0, 1, '2026-02-25 14:13:38'),
(203, 1, 33.56546800, 73.07663300, 0, 1, '2026-02-25 14:13:39'),
(204, 1, 33.56546800, 73.07663300, 0, 1, '2026-02-25 14:13:40'),
(205, 1, 33.56546800, 73.07663300, 0, 1, '2026-02-25 14:13:40'),
(206, 1, 33.56546800, 73.07663300, 0, 1, '2026-02-25 14:13:41'),
(207, 1, 33.56546800, 73.07663300, 0, 1, '2026-02-25 14:13:41'),
(208, 1, 33.56546800, 73.07663300, 0, 1, '2026-02-25 14:13:42'),
(209, 1, 33.56546800, 73.07663300, 0, 1, '2026-02-25 14:13:42'),
(210, 1, 33.56546800, 73.07663300, 0, 1, '2026-02-25 14:13:43'),
(211, 1, 33.56546800, 73.07663300, 0, 1, '2026-02-25 14:13:43'),
(212, 1, 33.56546800, 73.07663300, 0, 1, '2026-02-25 14:13:49'),
(213, 1, 33.56546800, 73.07663300, 0, 1, '2026-02-25 14:13:56'),
(214, 1, 33.56546800, 73.07663300, 0, 1, '2026-02-25 14:14:08'),
(215, 1, 33.56546800, 73.07663300, 0, 1, '2026-02-25 14:14:10'),
(216, 1, 33.56546800, 73.07663300, 0, 1, '2026-02-25 14:14:11'),
(217, 1, 33.56546800, 73.07663300, 0, 1, '2026-02-25 14:14:19'),
(218, 1, 33.56546800, 73.07663300, 0, 1, '2026-02-25 14:14:24'),
(219, 1, 33.56546800, 73.07663300, 0, 1, '2026-02-25 14:14:30'),
(220, 1, 33.56546800, 73.07663300, 0, 1, '2026-02-25 14:14:36'),
(221, 1, 33.56546800, 73.07663300, 0, 1, '2026-02-25 14:14:41'),
(222, 1, 33.56546800, 73.07663300, 0, 1, '2026-02-25 14:14:46'),
(223, 1, 33.56546800, 73.07663300, 0, 1, '2026-02-25 14:14:52'),
(224, 1, 33.56546800, 73.07663300, 0, 1, '2026-02-25 14:14:59'),
(225, 1, 33.56546800, 73.07663300, 0, 1, '2026-02-25 14:15:05'),
(226, 1, 33.56546800, 73.07663300, 0, 1, '2026-02-25 14:15:10'),
(227, 1, 33.56546800, 73.07663300, 0, 1, '2026-02-25 14:15:14'),
(228, 1, 33.56546800, 73.07663300, 0, 1, '2026-02-25 14:15:20'),
(229, 1, 33.56546800, 73.07663300, 0, 1, '2026-02-25 14:15:27'),
(230, 1, 33.56546800, 73.07663300, 0, 1, '2026-02-25 14:15:33'),
(231, 1, 33.56546800, 73.07663300, 0, 1, '2026-02-25 14:15:39'),
(232, 1, 33.56546800, 73.07663300, 0, 1, '2026-02-25 14:15:44'),
(233, 1, 33.56546800, 73.07663300, 0, 1, '2026-02-25 14:15:58'),
(234, 1, 33.56546800, 73.07663300, 0, 1, '2026-02-25 14:16:01'),
(235, 1, 33.56546800, 73.07663300, 0, 1, '2026-02-25 14:16:02'),
(236, 1, 33.56546800, 73.07663300, 0, 1, '2026-02-25 14:16:05'),
(237, 1, 33.56546800, 73.07663300, 0, 1, '2026-02-25 14:16:11'),
(238, 1, 33.56546800, 73.07663300, 0, 1, '2026-02-25 14:16:16'),
(239, 1, 33.56546800, 73.07663300, 0, 1, '2026-02-25 14:16:22'),
(240, 1, 33.56546800, 73.07663300, 0, 1, '2026-02-25 14:16:35'),
(241, 1, 33.56546800, 73.07663300, 0, 1, '2026-02-25 14:16:35'),
(242, 1, 33.56546800, 73.07663300, 0, 1, '2026-02-25 14:16:37'),
(243, 1, 33.56546800, 73.07663300, 0, 1, '2026-02-25 14:16:38'),
(244, 1, 33.56546800, 73.07663300, 0, 1, '2026-02-25 14:16:45'),
(245, 1, 33.56546800, 73.07663300, 0, 1, '2026-02-25 14:16:51'),
(246, 1, 33.56546800, 73.07663300, 0, 1, '2026-02-25 14:16:56'),
(247, 1, 33.56546800, 73.07663300, 0, 1, '2026-02-25 14:17:02'),
(248, 1, 33.56546800, 73.07663300, 0, 1, '2026-02-25 14:17:06'),
(249, 1, 33.56546800, 73.07663300, 0, 1, '2026-02-25 14:17:13'),
(250, 1, 33.56546800, 73.07663300, 0, 1, '2026-02-25 14:17:18'),
(251, 1, 33.56546800, 73.07663300, 0, 1, '2026-02-25 14:17:25'),
(252, 1, 33.56546800, 73.07663300, 0, 1, '2026-02-25 14:17:31'),
(253, 1, 33.56546800, 73.07663300, 0, 1, '2026-02-25 14:17:37'),
(254, 1, 33.56546800, 73.07663300, 0, 1, '2026-02-25 14:17:42'),
(255, 1, 33.56546800, 73.07663300, 0, 1, '2026-02-25 14:17:49'),
(256, 1, 33.56546800, 73.07663300, 0, 1, '2026-02-25 14:17:55'),
(257, 1, 33.56546800, 73.07663300, 0, 1, '2026-02-25 14:18:00'),
(258, 1, 33.56546800, 73.07663300, 0, 1, '2026-02-25 14:18:06'),
(259, 1, 33.56546800, 73.07663300, 0, 1, '2026-02-25 14:18:12'),
(260, 1, 33.56546800, 73.07663300, 0, 1, '2026-02-25 14:18:18'),
(261, 1, 33.56546800, 73.07663300, 0, 1, '2026-02-25 14:18:23'),
(262, 1, 33.56546800, 73.07663300, 0, 1, '2026-02-25 14:18:27'),
(263, 1, 33.56546800, 73.07663300, 0, 1, '2026-02-25 14:18:33'),
(264, 1, 33.56546800, 73.07663300, 0, 1, '2026-02-25 14:18:39'),
(265, 1, 33.56546800, 73.07663300, 0, 1, '2026-02-25 14:18:44'),
(266, 1, 33.56546800, 73.07663300, 0, 1, '2026-02-25 14:18:50'),
(267, 1, 33.56546800, 73.07663300, 0, 1, '2026-02-25 14:18:54'),
(268, 1, 33.56546800, 73.07663300, 0, 1, '2026-02-25 14:19:07'),
(269, 1, 33.56546800, 73.07663300, 0, 1, '2026-02-25 14:19:10'),
(270, 1, 33.56546800, 73.07663300, 0, 1, '2026-02-25 14:19:11'),
(271, 1, 33.56546800, 73.07663300, 0, 1, '2026-02-25 14:19:17'),
(272, 1, 33.56546800, 73.07663300, 0, 1, '2026-02-25 14:19:23'),
(273, 1, 33.56546800, 73.07663300, 0, 1, '2026-02-25 14:19:29'),
(274, 1, 33.56546800, 73.07663300, 0, 1, '2026-02-25 14:19:35'),
(275, 1, 33.56546800, 73.07663300, 0, 1, '2026-02-25 14:19:40'),
(276, 1, 33.56546800, 73.07663300, 0, 1, '2026-02-25 14:19:46'),
(277, 1, 33.56546800, 73.07663300, 0, 1, '2026-02-25 14:19:50'),
(278, 1, 33.56546800, 73.07663300, 0, 1, '2026-02-25 14:19:51'),
(279, 1, 33.56546800, 73.07663300, 0, 1, '2026-02-25 14:19:57'),
(280, 1, 33.56546800, 73.07663300, 0, 1, '2026-02-25 14:20:03'),
(281, 1, 33.56546800, 73.07663300, 0, 1, '2026-02-25 14:20:07'),
(282, 1, 33.56546800, 73.07663300, 0, 1, '2026-02-25 14:20:14'),
(283, 1, 33.56546800, 73.07663300, 0, 1, '2026-02-25 14:20:18'),
(284, 1, 33.56546800, 73.07663300, 0, 1, '2026-02-25 14:20:25'),
(285, 1, 33.56546800, 73.07663300, 0, 1, '2026-02-25 14:20:30'),
(286, 1, 33.56546800, 73.07663300, 0, 1, '2026-02-25 14:20:35'),
(287, 1, 33.56546800, 73.07663300, 0, 1, '2026-02-25 14:20:40'),
(288, 1, 33.56546800, 73.07663300, 0, 1, '2026-02-25 14:20:46'),
(289, 1, 33.56546800, 73.07663300, 0, 1, '2026-02-25 14:20:51'),
(290, 1, 33.56546800, 73.07663300, 0, 1, '2026-02-25 14:20:56'),
(291, 1, 33.56546800, 73.07663300, 0, 1, '2026-02-25 14:21:02'),
(292, 1, 33.56546800, 73.07663300, 0, 1, '2026-02-25 14:21:09'),
(293, 1, 33.56546800, 73.07663300, 0, 1, '2026-02-25 14:21:13'),
(294, 1, 33.56546800, 73.07663300, 0, 1, '2026-02-25 14:21:19'),
(295, 1, 33.56546800, 73.07663300, 0, 1, '2026-02-25 14:21:25'),
(296, 1, 33.56546800, 73.07663300, 0, 1, '2026-02-25 14:21:30'),
(297, 1, 33.56546800, 73.07663300, 0, 1, '2026-02-25 14:21:34'),
(298, 1, 33.56546800, 73.07663300, 0, 1, '2026-02-25 14:21:40'),
(299, 1, 33.56546800, 73.07663300, 0, 1, '2026-02-25 14:21:46'),
(300, 1, 33.56546800, 73.07663300, 0, 1, '2026-02-25 14:21:52'),
(301, 1, 33.56546800, 73.07663300, 0, 1, '2026-02-25 14:22:05'),
(302, 1, 33.56546800, 73.07663300, 0, 1, '2026-02-25 14:22:06'),
(303, 1, 33.56546800, 73.07663300, 0, 1, '2026-02-25 14:22:08'),
(304, 1, 33.56546800, 73.07663300, 0, 1, '2026-02-25 14:22:20'),
(305, 1, 33.56546800, 73.07663300, 0, 1, '2026-02-25 14:22:22'),
(306, 1, 33.56546800, 73.07663300, 0, 1, '2026-02-25 14:22:23'),
(307, 1, 33.56546800, 73.07663300, 0, 1, '2026-02-25 14:22:28'),
(308, 1, 33.56546800, 73.07663300, 0, 1, '2026-02-25 14:22:35'),
(309, 1, 33.56546800, 73.07663300, 0, 1, '2026-02-25 14:22:39'),
(310, 1, 33.56546800, 73.07663300, 0, 1, '2026-02-25 14:22:46'),
(311, 1, 33.56546800, 73.07663300, 0, 1, '2026-02-25 14:22:50'),
(312, 1, 33.56546800, 73.07663300, 0, 1, '2026-02-25 14:22:57'),
(313, 1, 33.56546800, 73.07663300, 0, 1, '2026-02-25 14:23:03'),
(314, 1, 33.56546800, 73.07663300, 0, 1, '2026-02-25 14:23:09'),
(315, 1, 33.56546800, 73.07663300, 0, 1, '2026-02-25 14:23:15'),
(316, 1, 33.56546800, 73.07663300, 0, 1, '2026-02-25 14:23:19'),
(317, 1, 33.56546800, 73.07663300, 0, 1, '2026-02-25 14:23:26'),
(318, 1, 33.56546800, 73.07663300, 0, 1, '2026-02-25 14:23:32'),
(319, 1, 33.56546800, 73.07663300, 0, 1, '2026-02-25 14:23:38'),
(320, 1, 33.56546800, 73.07663300, 0, 1, '2026-02-25 14:23:42'),
(321, 1, 33.56546800, 73.07663300, 0, 1, '2026-02-25 14:24:37'),
(322, 1, 33.56546800, 73.07663300, 0, 1, '2026-02-25 14:24:38'),
(323, 1, 33.56546800, 73.07663300, 0, 1, '2026-02-25 14:24:39'),
(324, 1, 33.56546800, 73.07663300, 0, 1, '2026-02-25 14:24:39'),
(325, 1, 33.56546800, 73.07663300, 0, 1, '2026-02-25 14:24:40'),
(326, 1, 33.56546800, 73.07663300, 0, 1, '2026-02-25 14:24:41'),
(327, 1, 33.56546800, 73.07663300, 0, 1, '2026-02-25 14:24:41'),
(328, 1, 33.56546800, 73.07663300, 0, 1, '2026-02-25 14:24:42'),
(329, 1, 33.56546800, 73.07663300, 0, 1, '2026-02-25 14:24:43'),
(330, 1, 33.56546800, 73.07663300, 0, 1, '2026-02-25 14:24:44'),
(331, 1, 33.56546800, 73.07663300, 0, 1, '2026-02-25 14:25:47'),
(332, 1, 33.56546800, 73.07663300, 0, 1, '2026-02-25 14:25:49'),
(333, 1, 33.56546800, 73.07663300, 0, 1, '2026-02-25 14:25:50'),
(334, 1, 33.56546800, 73.07663300, 0, 1, '2026-02-25 14:25:51'),
(335, 1, 33.56546800, 73.07663300, 0, 1, '2026-02-25 14:25:53'),
(336, 1, 33.56546800, 73.07663300, 0, 1, '2026-02-25 14:25:54'),
(337, 1, 33.56546800, 73.07663300, 0, 1, '2026-02-25 14:25:54'),
(338, 1, 33.56546800, 73.07663300, 0, 1, '2026-02-25 14:25:55'),
(339, 1, 33.56546800, 73.07663300, 0, 1, '2026-02-25 14:26:01'),
(340, 1, 33.56546800, 73.07663300, 0, 1, '2026-02-25 14:26:02'),
(341, 1, 33.56546800, 73.07663300, 0, 1, '2026-02-25 14:26:03'),
(342, 1, 33.56546800, 73.07663300, 0, 1, '2026-02-25 14:26:04'),
(343, 1, 33.56546800, 73.07663300, 0, 1, '2026-02-25 14:26:05'),
(344, 1, 33.56546800, 73.07663300, 0, 1, '2026-02-25 14:26:06'),
(345, 1, 33.56546800, 73.07663300, 0, 1, '2026-02-25 14:26:07'),
(346, 1, 33.56546800, 73.07663300, 0, 1, '2026-02-25 14:26:09'),
(347, 1, 33.56546800, 73.07663300, 0, 1, '2026-02-25 14:26:15'),
(348, 1, 33.56546800, 73.07663300, 0, 1, '2026-02-25 14:26:21'),
(349, 1, 33.56546800, 73.07663300, 0, 1, '2026-02-25 14:26:26'),
(350, 1, 33.56546800, 73.07663300, 0, 1, '2026-02-25 14:26:32'),
(351, 1, 33.56546800, 73.07663300, 0, 1, '2026-02-25 14:26:37'),
(352, 1, 33.56546800, 73.07663300, 0, 1, '2026-02-25 14:26:42'),
(353, 1, 33.56546800, 73.07663300, 0, 1, '2026-02-25 14:26:48'),
(354, 1, 33.56546800, 73.07663300, 0, 1, '2026-02-25 14:26:55'),
(355, 1, 33.56546800, 73.07663300, 0, 1, '2026-02-25 14:27:00'),
(356, 1, 33.56546800, 73.07663300, 0, 1, '2026-02-25 14:27:07'),
(357, 1, 33.56546800, 73.07663300, 0, 1, '2026-02-25 14:27:13'),
(358, 1, 33.56546800, 73.07663300, 0, 1, '2026-02-25 14:27:17'),
(359, 1, 33.56546800, 73.07663300, 0, 1, '2026-02-25 14:27:24'),
(360, 1, 33.56546800, 73.07663300, 0, 1, '2026-02-25 14:27:29'),
(361, 1, 33.56546800, 73.07663300, 0, 1, '2026-02-25 14:27:35'),
(362, 1, 33.56546800, 73.07663300, 0, 1, '2026-02-25 14:27:42'),
(363, 1, 33.56546800, 73.07663300, 0, 1, '2026-02-25 14:27:48'),
(364, 1, 33.56546800, 73.07663300, 0, 1, '2026-02-25 14:27:54'),
(365, 1, 33.56546800, 73.07663300, 0, 1, '2026-02-25 14:27:58'),
(366, 1, 33.56546800, 73.07663300, 0, 1, '2026-02-25 14:28:04'),
(367, 1, 33.56546800, 73.07663300, 0, 1, '2026-02-25 14:28:09'),
(368, 1, 33.56546800, 73.07663300, 0, 1, '2026-02-25 14:28:16'),
(369, 1, 33.56546800, 73.07663300, 0, 1, '2026-02-25 14:28:22'),
(370, 1, 33.56546800, 73.07663300, 0, 1, '2026-02-25 14:28:27'),
(371, 1, 33.56546800, 73.07663300, 0, 1, '2026-02-25 14:28:32'),
(372, 1, 33.56546800, 73.07663300, 0, 1, '2026-02-25 14:28:39'),
(373, 1, 33.56546800, 73.07663300, 0, 1, '2026-02-25 14:28:45'),
(374, 1, 33.56546800, 73.07663300, 0, 1, '2026-02-25 14:28:51'),
(375, 1, 33.56546800, 73.07663300, 0, 1, '2026-02-25 14:28:57'),
(376, 1, 33.56546800, 73.07663300, 0, 1, '2026-02-25 14:29:03'),
(377, 1, 33.56546800, 73.07663300, 0, 1, '2026-02-25 14:29:09'),
(378, 1, 33.56546800, 73.07663300, 0, 1, '2026-02-25 14:29:13'),
(379, 1, 33.56546800, 73.07663300, 0, 1, '2026-02-25 14:29:20'),
(380, 1, 33.56546800, 73.07663300, 0, 1, '2026-02-25 14:29:25'),
(381, 1, 33.56546800, 73.07663300, 0, 1, '2026-02-25 14:29:32'),
(382, 1, 33.56546800, 73.07663300, 0, 1, '2026-02-25 14:29:38'),
(383, 1, 33.56546800, 73.07663300, 0, 1, '2026-02-25 14:29:44'),
(384, 1, 33.56546800, 73.07663300, 0, 1, '2026-02-25 14:29:48'),
(385, 1, 33.56546800, 73.07663300, 0, 1, '2026-02-25 14:29:54'),
(386, 1, 33.56546800, 73.07663300, 0, 1, '2026-02-25 14:30:01'),
(387, 1, 33.56546800, 73.07663300, 0, 1, '2026-02-25 14:30:05'),
(388, 1, 33.56546800, 73.07663300, 0, 1, '2026-02-25 14:30:19'),
(389, 1, 33.56546800, 73.07663300, 0, 1, '2026-02-25 14:30:24'),
(390, 1, 33.56546800, 73.07663300, 0, 1, '2026-02-25 14:30:24'),
(391, 1, 33.56546800, 73.07663300, 0, 1, '2026-02-25 14:30:27'),
(392, 1, 33.56546800, 73.07663300, 0, 1, '2026-02-25 14:30:34'),
(393, 1, 33.56546800, 73.07663300, 0, 1, '2026-02-25 14:30:39'),
(394, 1, 33.56546800, 73.07663300, 0, 1, '2026-02-25 14:30:44'),
(395, 1, 33.56546800, 73.07663300, 0, 1, '2026-02-25 14:30:59'),
(396, 1, 33.56546800, 73.07663300, 0, 1, '2026-02-25 14:31:01'),
(397, 1, 33.56546800, 73.07663300, 0, 1, '2026-02-25 14:31:02'),
(398, 1, 33.56546800, 73.07663300, 0, 1, '2026-02-25 14:31:06'),
(399, 1, 33.56546800, 73.07663300, 0, 1, '2026-02-25 14:31:13'),
(400, 1, 33.56546800, 73.07663300, 0, 1, '2026-02-25 14:31:19'),
(401, 1, 33.56546800, 73.07663300, 0, 1, '2026-02-25 14:31:23'),
(402, 1, 33.56546800, 73.07663300, 0, 1, '2026-02-25 14:31:30'),
(403, 1, 33.56546800, 73.07663300, 0, 1, '2026-02-25 14:31:35'),
(404, 1, 33.56546800, 73.07663300, 0, 1, '2026-02-25 14:31:39'),
(405, 1, 33.56546800, 73.07663300, 0, 1, '2026-02-25 14:31:46'),
(406, 1, 33.56546800, 73.07663300, 0, 1, '2026-02-25 14:31:50'),
(407, 1, 33.56546800, 73.07663300, 0, 1, '2026-02-25 14:31:57'),
(408, 1, 33.56546800, 73.07663300, 0, 1, '2026-02-25 14:32:02'),
(409, 1, 33.56546800, 73.07663300, 0, 1, '2026-02-25 14:32:07'),
(410, 1, 33.56546800, 73.07663300, 0, 1, '2026-02-25 14:32:13'),
(411, 1, 33.56546800, 73.07663300, 0, 1, '2026-02-25 14:32:18'),
(412, 1, 33.56546800, 73.07663300, 0, 1, '2026-02-25 14:32:25'),
(413, 1, 33.56546800, 73.07663300, 0, 1, '2026-02-25 14:32:31'),
(414, 1, 33.56546800, 73.07663300, 0, 1, '2026-02-25 14:32:36'),
(415, 1, 33.56546800, 73.07663300, 0, 1, '2026-02-25 14:32:42'),
(416, 1, 33.56546800, 73.07663300, 0, 1, '2026-02-25 14:32:48'),
(417, 1, 33.56546800, 73.07663300, 0, 1, '2026-02-25 14:32:53'),
(418, 1, 33.56546800, 73.07663300, 0, 1, '2026-02-25 14:32:58'),
(419, 1, 33.56546800, 73.07663300, 0, 1, '2026-02-25 14:33:05'),
(420, 1, 33.56546800, 73.07663300, 0, 1, '2026-02-25 14:33:10'),
(421, 1, 33.56546800, 73.07663300, 0, 1, '2026-02-25 14:33:16'),
(422, 1, 33.56546800, 73.07663300, 0, 1, '2026-02-25 14:33:22'),
(423, 1, 33.56546800, 73.07663300, 0, 1, '2026-02-25 14:33:28'),
(424, 1, 33.56546800, 73.07663300, 0, 1, '2026-02-25 14:33:32'),
(425, 1, 33.56546800, 73.07663300, 0, 1, '2026-02-25 14:33:39'),
(426, 1, 33.56546800, 73.07663300, 0, 1, '2026-02-25 14:33:45'),
(427, 1, 33.56546800, 73.07663300, 0, 1, '2026-02-25 14:33:50'),
(428, 1, 33.56546800, 73.07663300, 0, 1, '2026-02-25 14:34:03'),
(429, 1, 33.56546800, 73.07663300, 0, 1, '2026-02-25 14:34:04'),
(430, 1, 33.56546800, 73.07663300, 0, 1, '2026-02-25 14:34:06'),
(431, 1, 33.56546800, 73.07663300, 0, 1, '2026-02-25 14:34:12'),
(432, 1, 33.56546800, 73.07663300, 0, 1, '2026-02-25 14:34:18'),
(433, 1, 33.56546800, 73.07663300, 0, 1, '2026-02-25 14:34:24'),
(434, 1, 33.56546800, 73.07663300, 0, 1, '2026-02-25 14:34:29'),
(435, 1, 33.56546800, 73.07663300, 0, 1, '2026-02-25 14:34:35'),
(436, 1, 33.56546800, 73.07663300, 0, 1, '2026-02-25 14:34:39'),
(437, 1, 33.56546800, 73.07663300, 0, 1, '2026-02-25 14:34:45'),
(438, 1, 33.56546800, 73.07663300, 0, 1, '2026-02-25 14:34:49'),
(439, 1, 33.56546800, 73.07663300, 0, 1, '2026-02-25 14:34:56'),
(440, 1, 33.56546800, 73.07663300, 0, 1, '2026-02-25 14:35:00'),
(441, 1, 33.56546800, 73.07663300, 0, 1, '2026-02-25 14:35:07'),
(442, 1, 33.56546800, 73.07663300, 0, 1, '2026-02-25 14:35:11'),
(443, 1, 33.56546800, 73.07663300, 0, 1, '2026-02-25 14:35:17'),
(444, 1, 33.56546800, 73.07663300, 0, 1, '2026-02-25 14:35:22'),
(445, 1, 33.56546800, 73.07663300, 0, 1, '2026-02-25 14:35:27'),
(446, 1, 33.56546800, 73.07663300, 0, 1, '2026-02-25 14:35:33'),
(447, 1, 33.56546800, 73.07663300, 0, 1, '2026-02-25 14:35:38'),
(448, 1, 33.56546800, 73.07663300, 0, 1, '2026-02-25 14:35:44'),
(449, 1, 33.56546800, 73.07663300, 0, 1, '2026-02-25 14:35:49'),
(450, 1, 33.56546800, 73.07663300, 26, 1, '2026-02-25 14:36:46'),
(451, 1, 33.56546800, 73.07663300, 26, 1, '2026-02-25 14:36:47'),
(452, 1, 33.56546800, 73.07663300, 27, 1, '2026-02-25 14:36:48'),
(453, 1, 33.56546800, 73.07663300, 27, 1, '2026-02-25 14:36:48'),
(454, 1, 33.56546800, 73.07663300, 27, 1, '2026-02-25 14:36:49'),
(455, 1, 33.56546800, 73.07663300, 27, 1, '2026-02-25 14:36:50'),
(456, 1, 33.56546800, 73.07663300, 27, 1, '2026-02-25 14:36:50'),
(457, 1, 33.56546800, 73.07663300, 26, 1, '2026-02-25 14:36:51'),
(458, 1, 33.56546800, 73.07663300, 26, 1, '2026-02-25 14:36:52'),
(459, 1, 33.56546800, 73.07663300, 26, 1, '2026-02-25 14:36:52'),
(460, 1, 33.56546800, 73.07663300, 26, 1, '2026-02-25 14:36:53'),
(461, 1, 33.56546800, 73.07663300, 26, 1, '2026-02-25 14:36:54'),
(462, 1, 33.56546800, 73.07663300, 26, 1, '2026-02-25 14:37:57'),
(463, 1, 33.56546800, 73.07663300, 26, 1, '2026-02-25 14:37:57'),
(464, 1, 33.56546800, 73.07663300, 26, 1, '2026-02-25 14:37:58'),
(465, 1, 33.56546800, 73.07663300, 26, 1, '2026-02-25 14:37:59'),
(466, 1, 33.56546800, 73.07663300, 26, 1, '2026-02-25 14:38:00'),
(467, 1, 33.56546800, 73.07663300, 26, 1, '2026-02-25 14:38:00'),
(468, 1, 33.56546800, 73.07663300, 26, 1, '2026-02-25 14:38:01'),
(469, 1, 33.56546800, 73.07663300, 26, 1, '2026-02-25 14:38:01'),
(470, 1, 33.56546800, 73.07663300, 26, 1, '2026-02-25 14:38:02'),
(471, 1, 33.56546800, 73.07663300, 26, 1, '2026-02-25 14:38:03'),
(472, 1, 33.56546800, 73.07663300, 26, 1, '2026-02-25 14:38:03'),
(473, 1, 33.56546800, 73.07663300, 26, 1, '2026-02-25 14:38:04'),
(474, 1, 33.56546800, 73.07663300, 25, 1, '2026-02-25 14:38:08'),
(475, 1, 33.56546800, 73.07663300, 25, 1, '2026-02-25 14:38:14'),
(476, 1, 33.56546800, 73.07663300, 25, 1, '2026-02-25 14:38:18'),
(477, 1, 33.56546800, 73.07663300, 25, 1, '2026-02-25 14:38:25'),
(478, 1, 33.56546800, 73.07663300, 25, 1, '2026-02-25 14:38:30'),
(479, 1, 33.56546800, 73.07663300, 25, 1, '2026-02-25 14:38:44'),
(480, 1, 33.56546800, 73.07663300, 26, 1, '2026-02-25 14:38:46'),
(481, 1, 33.56546800, 73.07663300, 26, 1, '2026-02-25 14:38:47'),
(482, 1, 33.56546800, 73.07663300, 26, 1, '2026-02-25 14:38:53'),
(483, 1, 33.56546800, 73.07663300, 26, 1, '2026-02-25 14:38:59'),
(484, 1, 33.56546800, 73.07663300, 26, 1, '2026-02-25 14:39:04'),
(485, 1, 33.56546800, 73.07663300, 26, 1, '2026-02-25 14:39:09'),
(486, 1, 33.56546800, 73.07663300, 26, 1, '2026-02-25 14:39:14'),
(487, 1, 33.56546800, 73.07663300, 26, 1, '2026-02-25 14:39:16'),
(488, 1, 33.56546800, 73.07663300, 26, 1, '2026-02-25 14:39:19'),
(489, 1, 33.56546800, 73.07663300, 26, 1, '2026-02-25 14:39:26'),
(490, 1, 33.56546800, 73.07663300, 27, 1, '2026-02-25 14:39:31'),
(491, 1, 33.56546800, 73.07663300, 27, 1, '2026-02-25 14:39:36'),
(492, 1, 33.56546800, 73.07663300, 27, 1, '2026-02-25 14:39:50'),
(493, 1, 33.56546800, 73.07663300, 26, 1, '2026-02-25 14:39:52'),
(494, 1, 33.56546800, 73.07663300, 26, 1, '2026-02-25 14:39:53'),
(495, 1, 33.56546800, 73.07663300, 26, 1, '2026-02-25 14:39:58'),
(496, 1, 33.56542300, 73.07663800, 26, 1, '2026-02-25 14:40:00'),
(497, 1, 33.56542300, 73.07663800, 26, 1, '2026-02-25 14:40:01'),
(498, 1, 33.56542300, 73.07663800, 26, 1, '2026-02-25 14:40:02'),
(499, 1, 33.56542300, 73.07663800, 26, 1, '2026-02-25 14:40:03'),
(500, 1, 33.56542300, 73.07663800, 26, 1, '2026-02-25 14:40:10'),
(501, 1, 33.56542300, 73.07663800, 26, 1, '2026-02-25 14:40:16'),
(502, 1, 33.56542300, 73.07663800, 26, 1, '2026-02-25 14:40:22'),
(503, 1, 33.56542300, 73.07663800, 26, 1, '2026-02-25 14:40:27'),
(504, 1, 33.56542300, 73.07663800, 26, 1, '2026-02-25 14:40:33'),
(505, 1, 33.56542300, 73.07663800, 26, 1, '2026-02-25 14:40:39'),
(506, 1, 33.56542300, 73.07663800, 26, 1, '2026-02-25 14:40:43'),
(507, 1, 33.56542300, 73.07663800, 26, 1, '2026-02-25 14:40:49'),
(508, 1, 33.56542300, 73.07663800, 26, 1, '2026-02-25 14:40:55'),
(509, 1, 33.56542300, 73.07663800, 26, 1, '2026-02-25 14:41:01'),
(510, 1, 33.56542300, 73.07663800, 26, 1, '2026-02-25 14:41:05'),
(511, 1, 33.56542300, 73.07663800, 25, 1, '2026-02-25 14:41:11'),
(512, 1, 33.56542300, 73.07663800, 25, 1, '2026-02-25 14:41:24'),
(513, 1, 33.56542300, 73.07663800, 25, 1, '2026-02-25 14:41:26'),
(514, 1, 33.56542300, 73.07663800, 25, 1, '2026-02-25 14:41:27'),
(515, 1, 33.56542300, 73.07663800, 24, 1, '2026-02-25 14:41:33'),
(516, 1, 33.56542300, 73.07663800, 25, 1, '2026-02-25 14:41:46'),
(517, 1, 33.56542300, 73.07663800, 26, 1, '2026-02-25 14:41:47'),
(518, 1, 33.56542300, 73.07663800, 26, 1, '2026-02-25 14:41:48'),
(519, 1, 33.56542300, 73.07663800, 26, 1, '2026-02-25 14:41:55'),
(520, 1, 33.56542300, 73.07663800, 26, 1, '2026-02-25 14:42:00'),
(521, 1, 33.56542300, 73.07663800, 26, 1, '2026-02-25 14:42:05'),
(522, 1, 33.56542300, 73.07663800, 26, 1, '2026-02-25 14:42:10'),
(523, 1, 33.56542300, 73.07663800, 26, 1, '2026-02-25 14:42:16'),
(524, 1, 33.56542300, 73.07663800, 26, 1, '2026-02-25 14:42:23'),
(525, 1, 33.56542300, 73.07663800, 26, 1, '2026-02-25 14:42:29'),
(526, 1, 33.56542300, 73.07663800, 26, 1, '2026-02-25 14:42:35'),
(527, 1, 33.56542300, 73.07663800, 26, 1, '2026-02-25 14:42:40'),
(528, 1, 33.56542300, 73.07663800, 26, 1, '2026-02-25 14:42:46'),
(529, 1, 33.56542300, 73.07663800, 26, 1, '2026-02-25 14:42:53'),
(530, 1, 33.56542300, 73.07663800, 26, 1, '2026-02-25 14:42:59'),
(531, 1, 33.56542300, 73.07663800, 26, 1, '2026-02-25 14:43:05'),
(532, 1, 33.56542300, 73.07663800, 26, 1, '2026-02-25 14:43:08'),
(533, 1, 33.56542300, 73.07663800, 26, 1, '2026-02-25 14:43:09'),
(534, 1, 33.56542300, 73.07663800, 26, 1, '2026-02-25 14:43:16'),
(535, 1, 33.56542300, 73.07663800, 26, 1, '2026-02-25 14:43:21'),
(536, 1, 33.56542300, 73.07663800, 26, 1, '2026-02-25 14:43:27'),
(537, 1, 33.56542300, 73.07663800, 26, 1, '2026-02-25 14:43:31'),
(538, 1, 33.56542300, 73.07663800, 26, 1, '2026-02-25 14:43:38'),
(539, 1, 33.56542300, 73.07663800, 26, 1, '2026-02-25 14:43:43'),
(540, 1, 33.56542300, 73.07663800, 26, 1, '2026-02-25 14:43:49'),
(541, 1, 33.56542300, 73.07663800, 26, 1, '2026-02-25 14:43:54'),
(542, 1, 33.56542300, 73.07663800, 26, 1, '2026-02-25 14:44:00'),
(543, 1, 33.56542300, 73.07663800, 26, 1, '2026-02-25 14:44:06'),
(544, 1, 33.56542300, 73.07663800, 25, 1, '2026-02-25 14:44:12'),
(545, 1, 33.56542300, 73.07663800, 26, 1, '2026-02-25 14:44:25'),
(546, 1, 33.56542300, 73.07663800, 26, 1, '2026-02-25 14:44:27'),
(547, 1, 33.56542300, 73.07663800, 26, 1, '2026-02-25 14:44:28'),
(548, 1, 33.56542300, 73.07663800, 26, 1, '2026-02-25 14:44:34'),
(549, 1, 33.56542300, 73.07663800, 26, 1, '2026-02-25 14:44:39'),
(550, 1, 33.56542300, 73.07663800, 26, 1, '2026-02-25 14:44:44'),
(551, 1, 33.56542300, 73.07663800, 26, 1, '2026-02-25 14:44:48'),
(552, 1, 33.56542300, 73.07663800, 26, 1, '2026-02-25 14:44:56'),
(553, 1, 33.56542300, 73.07663800, 26, 1, '2026-02-25 14:45:01'),
(554, 1, 33.56542300, 73.07663800, 26, 1, '2026-02-25 14:45:07'),
(555, 1, 33.56542300, 73.07663800, 26, 1, '2026-02-25 14:45:13'),
(556, 1, 33.56542300, 73.07663800, 26, 1, '2026-02-25 14:45:16'),
(557, 1, 33.56542300, 73.07663800, 26, 1, '2026-02-25 14:45:23'),
(558, 1, 33.56542300, 73.07663800, 26, 1, '2026-02-25 14:45:29'),
(559, 1, 33.56542300, 73.07663800, 26, 1, '2026-02-25 14:45:34'),
(560, 1, 33.56542300, 73.07663800, 26, 1, '2026-02-25 14:45:40'),
(561, 1, 33.56542300, 73.07663800, 26, 1, '2026-02-25 14:45:45'),
(562, 1, 33.56542300, 73.07663800, 26, 1, '2026-02-25 14:45:51'),
(563, 1, 33.56542300, 73.07663800, 25, 1, '2026-02-25 14:45:57'),
(564, 1, 33.56542300, 73.07663800, 25, 1, '2026-02-25 14:46:02'),
(565, 1, 33.56542300, 73.07663800, 25, 1, '2026-02-25 14:46:07'),
(566, 1, 33.56542200, 73.07662300, 25, 1, '2026-02-25 14:46:08'),
(567, 1, 33.56542200, 73.07662300, 25, 1, '2026-02-25 14:46:14'),
(568, 1, 33.56542200, 73.07662300, 26, 1, '2026-02-25 14:46:20'),
(569, 1, 33.56542200, 73.07662300, 26, 1, '2026-02-25 14:46:26'),
(570, 1, 33.56542200, 73.07662300, 26, 1, '2026-02-25 14:46:31'),
(571, 1, 33.56542200, 73.07662300, 26, 1, '2026-02-25 14:46:35'),
(572, 1, 33.56542200, 73.07662300, 25, 1, '2026-02-25 14:46:49'),
(573, 1, 33.56542200, 73.07662300, 25, 1, '2026-02-25 14:46:51'),
(574, 1, 33.56542200, 73.07662300, 25, 1, '2026-02-25 14:46:52'),
(575, 1, 33.56542200, 73.07662300, 25, 1, '2026-02-25 14:46:57'),
(576, 1, 33.56542200, 73.07662300, 25, 1, '2026-02-25 14:47:02'),
(577, 1, 33.56542200, 73.07662300, 25, 1, '2026-02-25 14:47:08'),
(578, 1, 33.56542200, 73.07662300, 25, 1, '2026-02-25 14:47:14'),
(579, 1, 33.56542200, 73.07662300, 25, 1, '2026-02-25 14:47:20'),
(580, 1, 33.56542200, 73.07662300, 24, 1, '2026-02-25 14:47:26'),
(581, 1, 33.56542200, 73.07662300, 24, 1, '2026-02-25 14:47:30'),
(582, 1, 33.56542200, 73.07662300, 24, 1, '2026-02-25 14:47:36'),
(583, 1, 33.56542200, 73.07662300, 25, 1, '2026-02-25 14:47:42'),
(584, 1, 33.56542200, 73.07662300, 24, 1, '2026-02-25 14:47:48'),
(585, 1, 33.56542200, 73.07662300, 25, 1, '2026-02-25 14:47:54'),
(586, 1, 33.56544300, 73.07665000, 0, 1, '2026-02-25 17:20:12'),
(587, 1, 33.56544300, 73.07665000, 0, 1, '2026-02-25 17:20:14'),
(588, 1, 33.56544300, 73.07665000, 0, 1, '2026-02-25 17:20:15'),
(589, 1, 33.56544300, 73.07665000, 0, 1, '2026-02-25 17:20:15'),
(590, 1, 33.56544300, 73.07665000, 0, 1, '2026-02-25 17:20:18'),
(591, 1, 33.56544300, 73.07665000, 0, 1, '2026-02-25 17:20:19'),
(592, 1, 33.56544300, 73.07665000, 0, 1, '2026-02-25 17:20:19'),
(593, 1, 33.56544300, 73.07665000, 0, 1, '2026-02-25 17:20:20'),
(594, 1, 33.56544300, 73.07665000, 0, 1, '2026-02-25 17:20:21'),
(595, 1, 33.56544300, 73.07665000, 0, 1, '2026-02-25 17:20:22'),
(596, 1, 33.56544300, 73.07665000, 0, 1, '2026-02-25 17:20:23'),
(597, 1, 33.56544300, 73.07665000, 0, 1, '2026-02-25 17:20:23'),
(598, 1, 33.56544300, 73.07665000, 0, 1, '2026-02-25 17:20:24'),
(599, 1, 33.56544300, 73.07665000, 0, 1, '2026-02-25 17:20:25'),
(600, 1, 33.56544300, 73.07665000, 0, 1, '2026-02-25 17:20:25'),
(601, 1, 33.56544300, 73.07665000, 0, 1, '2026-02-25 17:20:26'),
(602, 1, 33.56544300, 73.07665000, 0, 1, '2026-02-25 17:20:26'),
(603, 1, 33.56544300, 73.07665000, 0, 1, '2026-02-25 17:20:27'),
(604, 1, 33.56544300, 73.07665000, 0, 1, '2026-02-25 17:20:28'),
(605, 1, 33.56544300, 73.07665000, 0, 1, '2026-02-25 17:20:29'),
(606, 1, 33.56544300, 73.07665000, 0, 1, '2026-02-25 17:20:29'),
(607, 1, 33.56544300, 73.07665000, 0, 1, '2026-02-25 17:20:30'),
(608, 1, 33.56544300, 73.07665000, 0, 1, '2026-02-25 17:20:31'),
(609, 1, 33.56544300, 73.07665000, 0, 1, '2026-02-25 17:20:31'),
(610, 1, 33.56544300, 73.07665000, 0, 1, '2026-02-25 17:20:32'),
(611, 1, 33.56544300, 73.07665000, 0, 1, '2026-02-25 17:20:33'),
(612, 1, 33.56544300, 73.07665000, 0, 1, '2026-02-25 17:20:40'),
(613, 1, 33.56541300, 73.07665300, 0, 1, '2026-02-25 17:20:41'),
(614, 1, 33.56541300, 73.07665300, 0, 1, '2026-02-25 17:20:46'),
(615, 1, 33.56541300, 73.07665300, 0, 1, '2026-02-25 17:20:52'),
(616, 1, 33.56541300, 73.07665300, 0, 1, '2026-02-25 17:20:58'),
(617, 1, 33.56541300, 73.07665300, 0, 1, '2026-02-25 17:21:04'),
(618, 1, 33.56541300, 73.07665300, 0, 1, '2026-02-25 17:21:09'),
(619, 1, 33.56541300, 73.07665300, 0, 1, '2026-02-25 17:21:14'),
(620, 1, 33.56541200, 73.07665300, 0, 1, '2026-02-25 17:21:17'),
(621, 1, 33.56541200, 73.07665300, 0, 1, '2026-02-25 17:21:18'),
(622, 1, 33.56541200, 73.07665300, 0, 1, '2026-02-25 17:21:19'),
(623, 1, 33.56541200, 73.07665300, 0, 1, '2026-02-25 17:21:20'),
(624, 1, 33.56541200, 73.07665300, 0, 1, '2026-02-25 17:21:25'),
(625, 1, 33.56541200, 73.07665300, 0, 1, '2026-02-25 17:21:31'),
(626, 1, 33.56541200, 73.07665300, 0, 1, '2026-02-25 17:21:37'),
(627, 1, 33.56541200, 73.07665300, 0, 1, '2026-02-25 17:21:44'),
(628, 1, 33.56541200, 73.07665300, 0, 1, '2026-02-25 17:21:49'),
(629, 1, 33.56541200, 73.07665300, 0, 1, '2026-02-25 17:21:56'),
(630, 1, 33.56541200, 73.07665300, 0, 1, '2026-02-25 17:22:01'),
(631, 1, 33.56541200, 73.07665300, 0, 1, '2026-02-25 17:22:07'),
(632, 1, 33.56541200, 73.07665300, 0, 1, '2026-02-25 17:22:13'),
(633, 1, 33.56541200, 73.07665300, 0, 1, '2026-02-25 17:22:27'),
(634, 1, 33.56541200, 73.07665300, 0, 1, '2026-02-25 17:22:28'),
(635, 1, 33.56541200, 73.07665300, 0, 1, '2026-02-25 17:22:30'),
(636, 1, 33.56541200, 73.07665300, 0, 1, '2026-02-25 17:22:36'),
(637, 1, 33.56541200, 73.07665300, 0, 1, '2026-02-25 17:22:42'),
(638, 1, 33.56541200, 73.07665300, 0, 1, '2026-02-25 17:22:48'),
(639, 1, 33.56541200, 73.07665300, 0, 1, '2026-02-25 17:22:52'),
(640, 1, 33.56541200, 73.07665300, 0, 1, '2026-02-25 17:22:58'),
(641, 1, 33.56541200, 73.07665300, 0, 1, '2026-02-25 17:23:04'),
(642, 1, 33.56541200, 73.07665300, 0, 1, '2026-02-25 17:23:10'),
(643, 1, 33.56541200, 73.07665300, 0, 1, '2026-02-25 17:23:16'),
(644, 1, 33.56541200, 73.07665300, 0, 1, '2026-02-25 17:23:22'),
(645, 1, 33.56541200, 73.07665300, 0, 1, '2026-02-25 17:23:28'),
(646, 1, 33.56541200, 73.07665300, 0, 1, '2026-02-25 17:23:32'),
(647, 1, 33.56541200, 73.07665300, 0, 1, '2026-02-25 17:23:39'),
(648, 1, 33.56541200, 73.07665300, 0, 1, '2026-02-25 17:23:44'),
(649, 1, 33.56541200, 73.07665300, 0, 1, '2026-02-25 17:23:50'),
(650, 1, 33.56541200, 73.07665300, 0, 1, '2026-02-25 17:23:56'),
(651, 1, 33.56541200, 73.07665300, 0, 1, '2026-02-25 17:24:03'),
(652, 1, 33.56541200, 73.07665300, 0, 1, '2026-02-25 17:24:08'),
(653, 1, 33.56541200, 73.07665300, 0, 1, '2026-02-25 17:24:13'),
(654, 1, 33.56541200, 73.07665300, 0, 1, '2026-02-25 17:24:19'),
(655, 1, 33.56541200, 73.07665300, 0, 1, '2026-02-25 17:24:26'),
(656, 1, 33.56541200, 73.07665300, 0, 1, '2026-02-25 17:24:27'),
(657, 1, 33.56541200, 73.07665300, 0, 1, '2026-02-25 17:24:31'),
(658, 1, 33.56541200, 73.07665300, 0, 1, '2026-02-25 17:24:37'),
(659, 1, 33.56541200, 73.07665300, 0, 1, '2026-02-25 17:24:41'),
(660, 1, 33.56541200, 73.07665300, 0, 1, '2026-02-25 17:24:46'),
(661, 1, 33.56541200, 73.07665300, 0, 1, '2026-02-25 17:24:53'),
(662, 1, 33.56541200, 73.07665300, 0, 1, '2026-02-25 17:24:56'),
(663, 1, 33.56541200, 73.07665300, 0, 1, '2026-02-25 17:25:03'),
(664, 1, 33.56541200, 73.07665300, 0, 1, '2026-02-25 17:25:07'),
(665, 1, 33.56541200, 73.07665300, 0, 1, '2026-02-25 17:25:13'),
(666, 1, 33.56541200, 73.07665300, 0, 1, '2026-02-25 17:25:17'),
(667, 1, 33.56541200, 73.07665300, 0, 1, '2026-02-25 17:25:23'),
(668, 1, 33.56541200, 73.07665300, 0, 1, '2026-02-25 17:25:29'),
(669, 1, 33.56541200, 73.07665300, 0, 1, '2026-02-25 17:25:43'),
(670, 1, 33.56541200, 73.07665300, 0, 1, '2026-02-25 17:25:49'),
(671, 1, 33.56541200, 73.07665300, 0, 1, '2026-02-25 17:25:50'),
(672, 1, 33.56541200, 73.07665300, 0, 1, '2026-02-25 17:25:51'),
(673, 1, 33.56541200, 73.07665300, 0, 1, '2026-02-25 17:25:55'),
(674, 1, 33.56541200, 73.07665300, 0, 1, '2026-02-25 17:26:01'),
(675, 1, 33.56541200, 73.07665300, 0, 1, '2026-02-25 17:26:05'),
(676, 1, 33.56541200, 73.07665300, 0, 1, '2026-02-25 17:26:11'),
(677, 1, 33.56541200, 73.07665300, 0, 1, '2026-02-25 17:26:15'),
(678, 1, 33.56541200, 73.07665300, 0, 1, '2026-02-25 17:26:21'),
(679, 1, 33.56541200, 73.07665300, 0, 1, '2026-02-25 17:26:28'),
(680, 1, 33.56541200, 73.07665300, 0, 1, '2026-02-25 17:26:32'),
(681, 1, 33.56541200, 73.07665300, 0, 1, '2026-02-25 17:26:39'),
(682, 1, 33.56541200, 73.07665300, 0, 1, '2026-02-25 17:26:44'),
(683, 1, 33.56541200, 73.07665300, 0, 1, '2026-02-25 17:26:50'),
(684, 1, 33.56541200, 73.07665300, 0, 1, '2026-02-25 17:27:03'),
(685, 1, 33.56541200, 73.07665300, 0, 1, '2026-02-25 17:27:05'),
(686, 1, 33.56541200, 73.07665300, 0, 1, '2026-02-25 17:27:06'),
(687, 1, 33.56541200, 73.07665300, 0, 1, '2026-02-25 17:27:11'),
(688, 1, 33.56541200, 73.07665300, 0, 1, '2026-02-25 17:27:17'),
(689, 1, 33.56541200, 73.07665300, 0, 1, '2026-02-25 17:27:22'),
(690, 1, 33.56541200, 73.07665300, 0, 1, '2026-02-25 17:27:28'),
(691, 1, 33.56541200, 73.07665300, 0, 1, '2026-02-25 17:27:34'),
(692, 1, 33.56541200, 73.07665300, 0, 1, '2026-02-25 17:27:40'),
(693, 1, 33.56541200, 73.07665300, 0, 1, '2026-02-25 17:27:45'),
(694, 1, 33.56541200, 73.07665300, 0, 1, '2026-02-25 17:27:51'),
(695, 1, 33.56541200, 73.07665300, 0, 1, '2026-02-25 17:27:57'),
(696, 1, 33.56541200, 73.07665300, 0, 1, '2026-02-25 17:28:04'),
(697, 1, 33.56541200, 73.07665300, 0, 1, '2026-02-25 17:28:09'),
(698, 1, 33.56541200, 73.07665300, 0, 1, '2026-02-25 17:29:12'),
(699, 1, 33.56541200, 73.07665300, 0, 1, '2026-02-25 17:29:13'),
(700, 1, 33.56541200, 73.07665300, 0, 1, '2026-02-25 17:29:13'),
(701, 1, 33.56541200, 73.07665300, 0, 1, '2026-02-25 17:29:14'),
(702, 1, 33.56541200, 73.07665300, 0, 1, '2026-02-25 17:29:15'),
(703, 1, 33.56541200, 73.07665300, 0, 1, '2026-02-25 17:29:15'),
(704, 1, 33.56541200, 73.07665300, 0, 1, '2026-02-25 17:29:16'),
(705, 1, 33.56541200, 73.07665300, 0, 1, '2026-02-25 17:29:17'),
(706, 1, 33.56541200, 73.07665300, 0, 1, '2026-02-25 17:29:18'),
(707, 1, 33.56541200, 73.07665300, 0, 1, '2026-02-25 17:29:19'),
(708, 1, 33.56541200, 73.07665300, 0, 1, '2026-02-25 17:29:20'),
(709, 1, 33.56541200, 73.07665300, 0, 1, '2026-02-25 17:29:20'),
(710, 1, 33.56541200, 73.07665300, 0, 1, '2026-02-25 17:29:27'),
(711, 1, 33.56541200, 73.07665300, 0, 1, '2026-02-25 17:29:33'),
(712, 1, 33.56541200, 73.07665300, 0, 1, '2026-02-25 17:29:39'),
(713, 1, 33.56541200, 73.07665300, 0, 1, '2026-02-25 17:30:32'),
(714, 1, 33.56541200, 73.07665300, 0, 1, '2026-02-25 17:30:33'),
(715, 1, 33.56541200, 73.07665300, 0, 1, '2026-02-25 17:30:34'),
(716, 1, 33.56541200, 73.07665300, 0, 1, '2026-02-25 17:30:35'),
(717, 1, 33.56541200, 73.07665300, 0, 1, '2026-02-25 17:30:35'),
(718, 1, 33.56541200, 73.07665300, 0, 1, '2026-02-25 17:30:36'),
(719, 1, 33.56541200, 73.07665300, 0, 1, '2026-02-25 17:30:37'),
(720, 1, 33.56541200, 73.07665300, 0, 1, '2026-02-25 17:30:37'),
(721, 1, 33.56541200, 73.07665300, 0, 1, '2026-02-25 17:30:38'),
(722, 1, 33.56541200, 73.07665300, 0, 1, '2026-02-25 17:30:39'),
(723, 1, 33.56541200, 73.07665300, 0, 1, '2026-02-25 17:30:45'),
(724, 1, 33.56541200, 73.07665300, 0, 1, '2026-02-25 17:30:51'),
(725, 1, 33.56541200, 73.07665300, 0, 1, '2026-02-25 17:32:12'),
(726, 1, 33.56541200, 73.07665300, 0, 1, '2026-02-25 17:32:13'),
(727, 1, 33.56541200, 73.07665300, 0, 1, '2026-02-25 17:32:14'),
(728, 1, 33.56541200, 73.07665300, 0, 1, '2026-02-25 17:32:15'),
(729, 1, 33.56541200, 73.07665300, 0, 1, '2026-02-25 17:32:16'),
(730, 1, 33.56541200, 73.07665300, 0, 1, '2026-02-25 17:32:16'),
(731, 1, 33.56541200, 73.07665300, 0, 1, '2026-02-25 17:32:17'),
(732, 1, 33.56541200, 73.07665300, 0, 1, '2026-02-25 17:32:18'),
(733, 1, 33.56541200, 73.07665300, 0, 1, '2026-02-25 17:32:20'),
(734, 1, 33.56541200, 73.07665300, 0, 1, '2026-02-25 17:32:27'),
(735, 1, 33.56541200, 73.07665300, 0, 1, '2026-02-25 17:32:33'),
(736, 1, 33.56541200, 73.07665300, 0, 1, '2026-02-25 17:32:37'),
(737, 1, 33.56541200, 73.07665300, 0, 1, '2026-02-25 17:32:44'),
(738, 1, 33.56541200, 73.07665300, 0, 1, '2026-02-25 17:32:48'),
(739, 1, 33.56541200, 73.07665300, 0, 1, '2026-02-25 17:32:54'),
(740, 1, 33.56541200, 73.07665300, 0, 1, '2026-02-25 17:33:00'),
(741, 1, 33.56541200, 73.07665300, 0, 1, '2026-02-25 17:33:04'),
(742, 1, 33.56541200, 73.07665300, 0, 1, '2026-02-25 17:33:11'),
(743, 1, 33.56541200, 73.07665300, 0, 1, '2026-02-25 17:33:15'),
(744, 1, 33.56541200, 73.07665300, 0, 1, '2026-02-25 17:33:21'),
(745, 1, 33.56541200, 73.07665300, 0, 1, '2026-02-25 17:33:26'),
(746, 1, 33.56541200, 73.07665300, 0, 1, '2026-02-25 17:33:32'),
(747, 1, 33.56541200, 73.07665300, 0, 1, '2026-02-25 17:33:36'),
(748, 1, 33.56541200, 73.07665300, 0, 1, '2026-02-25 17:33:42'),
(749, 1, 33.56541200, 73.07665300, 0, 1, '2026-02-25 17:33:48'),
(750, 1, 33.56541200, 73.07665300, 0, 1, '2026-02-25 17:34:02'),
(751, 1, 33.56541200, 73.07665300, 0, 1, '2026-02-25 17:34:04'),
(752, 1, 33.56541200, 73.07665300, 0, 1, '2026-02-25 17:34:04'),
(753, 1, 33.56541200, 73.07665300, 0, 1, '2026-02-25 17:34:10'),
(754, 1, 33.56541200, 73.07665300, 0, 1, '2026-02-25 17:34:16'),
(755, 1, 33.56541200, 73.07665300, 0, 1, '2026-02-25 17:34:21'),
(756, 1, 33.56541200, 73.07665300, 0, 1, '2026-02-25 17:34:27'),
(757, 1, 33.56541200, 73.07665300, 0, 1, '2026-02-25 17:34:33'),
(758, 1, 33.56541200, 73.07665300, 0, 1, '2026-02-25 17:34:39'),
(759, 1, 33.56541200, 73.07665300, 0, 1, '2026-02-25 17:34:45'),
(760, 1, 33.56541200, 73.07665300, 0, 1, '2026-02-25 17:34:51'),
(761, 1, 33.56541200, 73.07665300, 0, 1, '2026-02-25 17:34:57'),
(762, 1, 33.56541200, 73.07665300, 0, 1, '2026-02-25 17:35:02'),
(763, 1, 33.56541200, 73.07665300, 0, 1, '2026-02-25 17:35:08'),
(764, 1, 33.56541200, 73.07665300, 0, 1, '2026-02-25 17:35:13'),
(765, 1, 33.56541200, 73.07665300, 0, 1, '2026-02-25 17:35:20'),
(766, 1, 33.56541200, 73.07665300, 0, 1, '2026-02-25 17:35:23'),
(767, 1, 33.56541200, 73.07665300, 0, 1, '2026-02-25 17:35:30'),
(768, 1, 33.56541200, 73.07665300, 0, 1, '2026-02-25 17:35:36'),
(769, 1, 33.56541200, 73.07665300, 0, 1, '2026-02-25 17:35:41'),
(770, 1, 33.56541200, 73.07665300, 0, 1, '2026-02-25 17:35:47'),
(771, 1, 33.56541200, 73.07665300, 0, 1, '2026-02-25 17:35:52'),
(772, 1, 33.56541200, 73.07665300, 0, 1, '2026-02-25 17:35:59'),
(773, 1, 33.56541200, 73.07665300, 0, 1, '2026-02-25 17:36:05'),
(774, 1, 33.56541200, 73.07665300, 0, 1, '2026-02-25 17:36:11'),
(775, 1, 33.56541200, 73.07665300, 0, 1, '2026-02-25 17:36:16'),
(776, 1, 33.56541200, 73.07665300, 0, 1, '2026-02-25 17:36:22'),
(777, 1, 33.56541200, 73.07665300, 0, 1, '2026-02-25 17:36:36'),
(778, 1, 33.56541200, 73.07665300, 0, 1, '2026-02-25 17:36:37'),
(779, 1, 33.56541200, 73.07665300, 0, 1, '2026-02-25 17:36:38'),
(780, 1, 33.56541200, 73.07665300, 0, 1, '2026-02-25 17:36:42'),
(781, 1, 33.56541200, 73.07665300, 0, 1, '2026-02-25 17:36:48'),
(782, 1, 33.56541200, 73.07665300, 0, 1, '2026-02-25 17:36:53'),
(783, 1, 33.56541200, 73.07665300, 0, 1, '2026-02-25 17:36:59'),
(784, 1, 33.56541200, 73.07665300, 0, 1, '2026-02-25 17:37:04'),
(785, 1, 33.56541200, 73.07665300, 0, 1, '2026-02-25 17:37:11'),
(786, 1, 33.56541200, 73.07665300, 0, 1, '2026-02-25 17:37:17'),
(787, 1, 33.56541200, 73.07665300, 0, 1, '2026-02-25 17:37:23'),
(788, 1, 33.56541200, 73.07665300, 0, 1, '2026-02-25 17:37:28'),
(789, 1, 33.56541200, 73.07665300, 0, 1, '2026-02-25 17:37:34'),
(790, 1, 33.56541200, 73.07665300, 0, 1, '2026-02-25 17:37:40'),
(791, 1, 33.56541200, 73.07665300, 0, 1, '2026-02-25 17:37:45');
INSERT INTO `active_move` (`id`, `vehicle_id`, `lat`, `lng`, `speed`, `is_night_move`, `recorded_at`) VALUES
(792, 1, 33.56541200, 73.07665300, 0, 1, '2026-02-25 17:37:52'),
(793, 1, 33.56541200, 73.07665300, 0, 1, '2026-02-25 17:37:58'),
(794, 1, 33.56541200, 73.07665300, 0, 1, '2026-02-25 17:38:03'),
(795, 1, 33.56541200, 73.07665300, 0, 1, '2026-02-25 17:38:09'),
(796, 1, 33.56541200, 73.07665300, 0, 1, '2026-02-25 17:38:14'),
(797, 1, 33.56541200, 73.07665300, 0, 1, '2026-02-25 17:38:20'),
(798, 1, 33.56541200, 73.07665300, 0, 1, '2026-02-25 17:38:26'),
(799, 1, 33.56541200, 73.07665300, 0, 1, '2026-02-25 17:38:39'),
(800, 1, 33.56541200, 73.07665300, 0, 1, '2026-02-25 17:38:40'),
(801, 1, 33.56541200, 73.07665300, 0, 1, '2026-02-25 17:38:42'),
(802, 1, 33.56541200, 73.07665300, 0, 1, '2026-02-25 17:38:49'),
(803, 1, 33.56541200, 73.07665300, 0, 1, '2026-02-25 17:38:55'),
(804, 1, 33.56541200, 73.07665300, 0, 1, '2026-02-25 17:39:01'),
(805, 1, 33.56541200, 73.07665300, 0, 1, '2026-02-25 17:39:07'),
(806, 1, 33.56541200, 73.07665300, 0, 1, '2026-02-25 17:39:20'),
(807, 1, 33.56541200, 73.07665300, 0, 1, '2026-02-25 17:39:22'),
(808, 1, 33.56541200, 73.07665300, 0, 1, '2026-02-25 17:39:23'),
(809, 1, 33.56541200, 73.07665300, 0, 1, '2026-02-25 17:39:30'),
(810, 1, 33.56541200, 73.07665300, 0, 1, '2026-02-25 17:39:36'),
(811, 1, 33.56541200, 73.07665300, 0, 1, '2026-02-25 17:39:42'),
(812, 1, 33.56541200, 73.07665300, 0, 1, '2026-02-25 17:39:47'),
(813, 1, 33.56541200, 73.07665300, 0, 1, '2026-02-25 17:39:53'),
(814, 1, 33.56541200, 73.07665300, 0, 1, '2026-02-25 17:39:59'),
(815, 1, 33.56541200, 73.07665300, 0, 1, '2026-02-25 17:40:05'),
(816, 1, 33.56541200, 73.07665300, 0, 1, '2026-02-25 17:40:09'),
(817, 1, 33.56541200, 73.07665300, 0, 1, '2026-02-25 17:40:16'),
(818, 1, 33.56541200, 73.07665300, 0, 1, '2026-02-25 17:40:22'),
(819, 1, 33.56541200, 73.07665300, 0, 1, '2026-02-25 17:40:35'),
(820, 1, 33.56541200, 73.07665300, 0, 1, '2026-02-25 17:40:37'),
(821, 1, 33.56541200, 73.07665300, 0, 1, '2026-02-25 17:40:51'),
(822, 1, 33.56541200, 73.07665300, 0, 1, '2026-02-25 17:40:52'),
(823, 1, 33.56541200, 73.07665300, 0, 1, '2026-02-25 17:40:54'),
(824, 1, 33.56541200, 73.07665300, 0, 1, '2026-02-25 17:40:54'),
(825, 1, 33.56541200, 73.07665300, 0, 1, '2026-02-25 17:41:01'),
(826, 1, 33.56541200, 73.07665300, 0, 1, '2026-02-25 17:41:07'),
(827, 1, 33.56541200, 73.07665300, 0, 1, '2026-02-25 17:41:13'),
(828, 1, 33.56541200, 73.07665300, 0, 1, '2026-02-25 17:41:19'),
(829, 1, 33.56541200, 73.07665300, 0, 1, '2026-02-25 17:41:25'),
(830, 1, 33.56541200, 73.07665300, 0, 1, '2026-02-25 17:41:31'),
(831, 1, 33.56541200, 73.07665300, 0, 1, '2026-02-25 17:41:36'),
(832, 1, 33.56541200, 73.07665300, 0, 1, '2026-02-25 17:41:42'),
(833, 1, 33.56541200, 73.07665300, 0, 1, '2026-02-25 17:42:42'),
(834, 1, 33.56541200, 73.07665300, 0, 1, '2026-02-25 17:42:43'),
(835, 1, 33.56541200, 73.07665300, 0, 1, '2026-02-25 17:42:44'),
(836, 1, 33.56541200, 73.07665300, 0, 1, '2026-02-25 17:42:45'),
(837, 1, 33.56541200, 73.07665300, 0, 1, '2026-02-25 17:42:45'),
(838, 1, 33.56541200, 73.07665300, 0, 1, '2026-02-25 17:42:46'),
(839, 1, 33.56541200, 73.07665300, 0, 1, '2026-02-25 17:42:47'),
(840, 1, 33.56541200, 73.07665300, 0, 1, '2026-02-25 17:42:47'),
(841, 1, 33.56541200, 73.07665300, 0, 1, '2026-02-25 17:42:48'),
(842, 1, 33.56541200, 73.07665300, 0, 1, '2026-02-25 17:42:48'),
(843, 1, 33.56541200, 73.07665300, 0, 1, '2026-02-25 17:42:49'),
(844, 1, 33.56541200, 73.07665300, 0, 1, '2026-02-25 17:42:50'),
(845, 1, 33.56541200, 73.07665300, 0, 1, '2026-02-25 17:42:51'),
(846, 1, 33.56541200, 73.07665300, 0, 1, '2026-02-25 17:42:57'),
(847, 1, 33.56541200, 73.07665300, 0, 1, '2026-02-25 17:43:03'),
(848, 1, 33.56541200, 73.07665300, 0, 1, '2026-02-25 17:43:08'),
(849, 1, 33.56541200, 73.07665300, 0, 1, '2026-02-25 17:43:14'),
(850, 1, 33.56541200, 73.07665300, 0, 1, '2026-02-25 17:43:20'),
(851, 1, 33.56541200, 73.07665300, 0, 1, '2026-02-25 17:43:32'),
(852, 1, 33.56541200, 73.07665300, 0, 1, '2026-02-25 17:43:34'),
(853, 1, 33.56541200, 73.07665300, 0, 1, '2026-02-25 17:43:35'),
(854, 1, 33.56541200, 73.07665300, 0, 1, '2026-02-25 17:44:52'),
(855, 1, 33.56541200, 73.07665300, 0, 1, '2026-02-25 17:44:52'),
(856, 1, 33.56541200, 73.07665300, 0, 1, '2026-02-25 17:44:53'),
(857, 1, 33.56541200, 73.07665300, 0, 1, '2026-02-25 17:44:54'),
(858, 1, 33.56541200, 73.07665300, 0, 1, '2026-02-25 17:44:54'),
(859, 1, 33.56541200, 73.07665300, 0, 1, '2026-02-25 17:44:55'),
(860, 1, 33.56541200, 73.07665300, 0, 1, '2026-02-25 17:44:55'),
(861, 1, 33.56541200, 73.07665300, 0, 1, '2026-02-25 17:44:56'),
(862, 1, 33.56541200, 73.07665300, 0, 1, '2026-02-25 17:44:56'),
(863, 1, 33.56541200, 73.07665300, 0, 1, '2026-02-25 17:44:57'),
(864, 1, 33.56541200, 73.07665300, 0, 1, '2026-02-25 17:44:57'),
(865, 1, 33.56541200, 73.07665300, 0, 1, '2026-02-25 17:44:58'),
(866, 1, 33.56541200, 73.07665300, 0, 1, '2026-02-25 17:44:58'),
(867, 1, 33.56541200, 73.07665300, 0, 1, '2026-02-25 17:44:59'),
(868, 1, 33.56541200, 73.07665300, 0, 1, '2026-02-25 17:44:59'),
(869, 1, 33.56541200, 73.07665300, 0, 1, '2026-02-25 17:45:03'),
(870, 1, 33.56541200, 73.07665300, 0, 1, '2026-02-25 17:45:19'),
(871, 1, 33.56541200, 73.07665300, 0, 1, '2026-02-25 17:45:20'),
(872, 1, 33.56541200, 73.07665300, 0, 1, '2026-02-25 17:45:21'),
(873, 1, 33.56541200, 73.07665300, 0, 1, '2026-02-25 17:45:23'),
(874, 1, 33.56541200, 73.07665300, 0, 1, '2026-02-25 17:45:30'),
(875, 1, 33.56541200, 73.07665300, 0, 1, '2026-02-25 17:45:36'),
(876, 1, 33.56541200, 73.07665300, 0, 1, '2026-02-25 17:45:41'),
(877, 1, 33.56541200, 73.07665300, 0, 1, '2026-02-25 17:45:53'),
(878, 1, 33.56541200, 73.07665300, 0, 1, '2026-02-25 17:45:55'),
(879, 1, 33.56541200, 73.07665300, 0, 1, '2026-02-25 17:45:55'),
(880, 1, 33.56541200, 73.07665300, 0, 1, '2026-02-25 17:46:02'),
(881, 1, 33.56541200, 73.07665300, 0, 1, '2026-02-25 17:46:08'),
(882, 1, 33.56541200, 73.07665300, 0, 1, '2026-02-25 17:46:23'),
(883, 1, 33.56541200, 73.07665300, 0, 1, '2026-02-25 17:46:26'),
(884, 1, 33.56541200, 73.07665300, 0, 1, '2026-02-25 17:46:26'),
(885, 1, 33.56541200, 73.07665300, 0, 1, '2026-02-25 17:46:31'),
(886, 1, 33.56541200, 73.07665300, 0, 1, '2026-02-25 17:46:36'),
(887, 1, 33.56541200, 73.07665300, 0, 1, '2026-02-25 17:46:41'),
(888, 1, 33.56541200, 73.07665300, 0, 1, '2026-02-25 17:46:47'),
(889, 1, 33.56541200, 73.07665300, 0, 1, '2026-02-25 17:46:53'),
(890, 1, 33.56541200, 73.07665300, 0, 1, '2026-02-25 17:46:59'),
(891, 1, 33.56541200, 73.07665300, 0, 1, '2026-02-25 17:47:04'),
(892, 1, 33.56541200, 73.07665300, 0, 1, '2026-02-25 17:47:10'),
(893, 1, 33.56541200, 73.07665300, 0, 1, '2026-02-25 17:47:16'),
(894, 1, 33.56541200, 73.07665300, 0, 1, '2026-02-25 17:47:21'),
(895, 1, 33.56541200, 73.07665300, 0, 1, '2026-02-25 17:47:27'),
(896, 1, 33.56541200, 73.07665300, 0, 1, '2026-02-25 17:47:33'),
(897, 1, 33.56541200, 73.07665300, 0, 1, '2026-02-25 17:47:39'),
(898, 1, 33.56541200, 73.07665300, 0, 1, '2026-02-25 17:47:45'),
(899, 1, 33.56541200, 73.07665300, 0, 1, '2026-02-25 17:47:50'),
(900, 1, 33.56541200, 73.07665300, 0, 1, '2026-02-25 17:47:56'),
(901, 1, 33.56541200, 73.07665300, 0, 1, '2026-02-25 17:48:01'),
(902, 1, 33.56541200, 73.07665300, 0, 1, '2026-02-25 17:48:06'),
(903, 1, 33.56541200, 73.07665300, 0, 1, '2026-02-25 17:48:12'),
(904, 1, 33.56541200, 73.07665300, 0, 1, '2026-02-25 17:48:18'),
(905, 1, 33.56541200, 73.07665300, 0, 1, '2026-02-25 17:48:24'),
(906, 1, 33.56541200, 73.07665300, 0, 1, '2026-02-25 17:48:30'),
(907, 1, 33.56541200, 73.07665300, 0, 1, '2026-02-25 17:48:36'),
(908, 1, 33.56541200, 73.07665300, 0, 1, '2026-02-25 17:48:42'),
(909, 1, 33.56541200, 73.07665300, 0, 1, '2026-02-25 17:48:48'),
(910, 1, 33.56541200, 73.07665300, 0, 1, '2026-02-25 17:48:54'),
(911, 1, 33.56541200, 73.07665300, 0, 1, '2026-02-25 17:49:00'),
(912, 1, 33.56541200, 73.07665300, 0, 1, '2026-02-25 17:49:13'),
(913, 1, 33.56541200, 73.07665300, 0, 1, '2026-02-25 17:49:15'),
(914, 1, 33.56541200, 73.07665300, 0, 1, '2026-02-25 17:49:16'),
(915, 1, 33.56541200, 73.07665300, 0, 1, '2026-02-25 17:49:23'),
(916, 1, 33.56541200, 73.07665300, 0, 1, '2026-02-25 17:49:29'),
(917, 1, 33.56541200, 73.07665300, 0, 1, '2026-02-25 17:49:35'),
(918, 1, 33.56541200, 73.07665300, 0, 1, '2026-02-25 17:49:40'),
(919, 1, 33.56541200, 73.07665300, 0, 1, '2026-02-25 17:49:46'),
(920, 1, 33.56541200, 73.07665300, 0, 1, '2026-02-25 17:49:52'),
(921, 1, 33.56541200, 73.07665300, 0, 1, '2026-02-25 17:49:58'),
(922, 1, 33.56541200, 73.07665300, 0, 1, '2026-02-25 17:50:04'),
(923, 1, 33.56541200, 73.07665300, 0, 1, '2026-02-25 17:50:11'),
(924, 1, 33.56541200, 73.07665300, 0, 1, '2026-02-25 17:50:16'),
(925, 1, 33.56541200, 73.07665300, 0, 1, '2026-02-25 17:50:29'),
(926, 1, 33.56541200, 73.07665300, 0, 1, '2026-02-25 17:50:30'),
(927, 1, 33.56541200, 73.07665300, 0, 1, '2026-02-25 17:50:31'),
(928, 1, 33.56541200, 73.07665300, 0, 1, '2026-02-25 17:50:37'),
(929, 1, 33.56541200, 73.07665300, 0, 1, '2026-02-25 17:50:50'),
(930, 1, 33.56541200, 73.07665300, 0, 1, '2026-02-25 17:50:52'),
(931, 1, 33.56541200, 73.07665300, 0, 1, '2026-02-25 17:50:52'),
(932, 1, 33.56541200, 73.07665300, 0, 1, '2026-02-25 17:50:59'),
(933, 1, 33.56541200, 73.07665300, 0, 1, '2026-02-25 17:51:12'),
(934, 1, 33.56541200, 73.07665300, 0, 1, '2026-02-25 17:51:13'),
(935, 1, 33.56541200, 73.07665300, 0, 1, '2026-02-25 17:51:14'),
(936, 1, 33.56541200, 73.07665300, 0, 1, '2026-02-25 17:51:21'),
(937, 1, 33.56541200, 73.07665300, 0, 1, '2026-02-25 17:51:27'),
(938, 1, 33.56541200, 73.07665300, 0, 1, '2026-02-25 17:51:28'),
(939, 1, 33.56541200, 73.07665300, 0, 1, '2026-02-25 17:51:32'),
(940, 1, 33.56541200, 73.07665300, 0, 1, '2026-02-25 17:51:38'),
(941, 1, 33.56541200, 73.07665300, 0, 1, '2026-02-25 17:51:52'),
(942, 1, 33.56541200, 73.07661700, 1, 1, '2026-02-25 17:51:53'),
(943, 1, 33.56541200, 73.07661700, 0, 1, '2026-02-25 17:51:54'),
(944, 1, 33.56541200, 73.07661700, 0, 1, '2026-02-25 17:52:01'),
(945, 1, 33.56541200, 73.07661700, 0, 1, '2026-02-25 17:52:06'),
(946, 1, 33.56541200, 73.07661700, 0, 1, '2026-02-25 17:52:11'),
(947, 1, 33.56541200, 73.07661700, 0, 1, '2026-02-25 17:52:16'),
(948, 1, 33.56541200, 73.07661700, 0, 1, '2026-02-25 17:52:23'),
(949, 1, 33.56541200, 73.07661700, 0, 1, '2026-02-25 17:52:28'),
(950, 1, 33.56541200, 73.07661700, 0, 1, '2026-02-25 17:52:35'),
(951, 1, 33.56541200, 73.07661700, 0, 1, '2026-02-25 17:52:40'),
(952, 1, 33.56541200, 73.07661700, 0, 1, '2026-02-25 17:52:45'),
(953, 1, 33.56541200, 73.07661700, 0, 1, '2026-02-25 17:52:51'),
(954, 1, 33.56541200, 73.07661700, 0, 1, '2026-02-25 17:52:55'),
(955, 1, 33.56541200, 73.07661700, 0, 1, '2026-02-25 17:53:08'),
(956, 1, 33.56541200, 73.07661700, 0, 1, '2026-02-25 17:53:11'),
(957, 1, 33.56541200, 73.07661700, 0, 1, '2026-02-25 17:53:12'),
(958, 1, 33.56541200, 73.07661700, 0, 1, '2026-02-25 17:53:19'),
(959, 1, 33.56541200, 73.07661700, 0, 1, '2026-02-25 17:53:25'),
(960, 1, 33.56541200, 73.07661700, 0, 1, '2026-02-25 17:53:31'),
(961, 1, 33.56541200, 73.07661700, 0, 1, '2026-02-25 17:53:36'),
(962, 1, 33.56541200, 73.07661700, 0, 1, '2026-02-25 17:53:42'),
(963, 1, 33.56541200, 73.07661700, 0, 1, '2026-02-25 17:53:48'),
(964, 1, 33.56541200, 73.07661700, 0, 1, '2026-02-25 17:54:42');

-- --------------------------------------------------------

--
-- Table structure for table `move_history`
--

CREATE TABLE `move_history` (
  `history_id` int(11) NOT NULL,
  `vehicle_id` int(11) DEFAULT NULL,
  `total_distance` decimal(10,2) DEFAULT NULL,
  `fuel_consumed` decimal(10,2) DEFAULT NULL,
  `completed_at` timestamp NOT NULL DEFAULT current_timestamp(),
  `start_lat` decimal(11,8) DEFAULT NULL,
  `start_lng` decimal(11,8) DEFAULT NULL,
  `end_lat` decimal(11,8) DEFAULT NULL,
  `end_lng` decimal(11,8) DEFAULT NULL,
  `avg_speed` int(11) DEFAULT NULL
) ENGINE=InnoDB DEFAULT CHARSET=utf8mb4 COLLATE=utf8mb4_general_ci;

--
-- Dumping data for table `move_history`
--

INSERT INTO `move_history` (`history_id`, `vehicle_id`, `total_distance`, `fuel_consumed`, `completed_at`, `start_lat`, `start_lng`, `end_lat`, `end_lng`, `avg_speed`) VALUES
(1, 1, 65.20, 8.50, '2026-01-28 06:23:24', 33.68440000, 73.04790000, 33.90700000, 73.39430000, 42),
(2, 2, 120.50, 35.20, '2026-01-28 03:23:24', 33.60000000, 73.10000000, 32.94050000, 73.72760000, 55),
(3, 3, 12.80, 15.00, '2026-01-27 08:23:24', 33.72970000, 73.07410000, 33.75000000, 73.10000000, 15),
(4, 4, 210.00, 22.40, '2026-01-28 05:23:24', 33.68440000, 73.04790000, 34.01510000, 71.52490000, 68),
(5, 5, 45.00, 6.20, '2026-01-28 08:13:24', 33.68440000, 73.04790000, 33.50000000, 73.00000000, 50);

-- --------------------------------------------------------

--
-- Table structure for table `move_sanctions`
--

CREATE TABLE `move_sanctions` (
  `sanction_id` int(11) NOT NULL,
  `vehicle_id` int(11) DEFAULT NULL,
  `route_from` varchar(100) DEFAULT NULL,
  `route_to` varchar(100) DEFAULT NULL,
  `start_datetime` datetime DEFAULT NULL,
  `end_datetime` datetime DEFAULT NULL,
  `status` enum('ACTIVE','EXPIRED','COMPLETED') DEFAULT 'ACTIVE',
  `created_at` timestamp NOT NULL DEFAULT current_timestamp()
) ENGINE=InnoDB DEFAULT CHARSET=utf8mb4 COLLATE=utf8mb4_general_ci;

--
-- Dumping data for table `move_sanctions`
--

INSERT INTO `move_sanctions` (`sanction_id`, `vehicle_id`, `route_from`, `route_to`, `start_datetime`, `end_datetime`, `status`, `created_at`) VALUES
(4, 1, 'Wah', 'RWP', '2026-01-28 18:24:00', '2026-01-28 23:26:00', 'ACTIVE', '2026-01-28 18:26:13'),
(5, 5, 'HVN', 'RWP', '2026-01-30 09:00:00', '2026-01-30 15:01:00', 'ACTIVE', '2026-01-30 09:01:22'),
(9, 1, 'Wah', 'Abt', '2026-02-01 23:45:00', '2026-02-03 04:45:00', 'ACTIVE', '2026-02-02 04:45:40'),
(10, 4, 'rwp', 'wah', '2026-02-02 06:41:00', '2026-02-10 11:41:00', 'ACTIVE', '2026-02-02 06:41:22'),
(12, 29, 'lhr', 'isb', '2026-02-25 04:24:00', '2026-03-04 09:24:00', 'ACTIVE', '2026-02-25 04:24:32');

-- --------------------------------------------------------

--
-- Table structure for table `units`
--

CREATE TABLE `units` (
  `unit_id` int(11) NOT NULL,
  `unit_name` varchar(50) NOT NULL
) ENGINE=InnoDB DEFAULT CHARSET=utf8mb4 COLLATE=utf8mb4_general_ci;

--
-- Dumping data for table `units`
--

INSERT INTO `units` (`unit_id`, `unit_name`) VALUES
(10, '134 MED'),
(8, '13ENGR'),
(6, '162FD'),
(3, '33SR'),
(9, '41 SIGS'),
(2, '41PR'),
(5, '48FD'),
(4, '55FD'),
(1, '7LCB'),
(7, '97ORD');

-- --------------------------------------------------------

--
-- Table structure for table `vehicles`
--

CREATE TABLE `vehicles` (
  `vehicle_id` int(11) NOT NULL,
  `vehicle_no` varchar(20) NOT NULL,
  `vehicle_type` enum('5 Ton','Single Cabin','Double Cabin') NOT NULL,
  `unit_id` int(11) DEFAULT NULL,
  `imei` varchar(20) DEFAULT NULL,
  `status` enum('ACTIVE','INACTIVE','MAINTENANCE') DEFAULT 'ACTIVE'
) ENGINE=InnoDB DEFAULT CHARSET=utf8mb4 COLLATE=utf8mb4_general_ci;

--
-- Dumping data for table `vehicles`
--

INSERT INTO `vehicles` (`vehicle_id`, `vehicle_no`, `vehicle_type`, `unit_id`, `imei`, `status`) VALUES
(1, '19GJ1421', '5 Ton', 1, '861045085392119', 'ACTIVE'),
(2, '19GJ1422', 'Single Cabin', 1, '863456041234562', 'ACTIVE'),
(3, '19GJ1423', 'Double Cabin', 1, '863456041234563', 'ACTIVE'),
(4, '20KL5501', '5 Ton', 2, '863456041234564', 'ACTIVE'),
(5, '20KL5502', 'Single Cabin', 2, '98765678', 'ACTIVE'),
(6, '20KL5503', 'Double Cabin', 2, '863456041234566', 'ACTIVE'),
(7, '18MR9910', '5 Ton', 3, '863456041234567', 'ACTIVE'),
(8, '18MR9911', 'Single Cabin', 3, '863456041234568', 'ACTIVE'),
(9, '18MR9912', 'Double Cabin', 3, '863456041234569', 'ACTIVE'),
(10, '21AX1120', '5 Ton', 4, '863456041234570', 'ACTIVE'),
(11, '21AX1121', 'Single Cabin', 4, '863456041234571', 'ACTIVE'),
(12, '21AX1122', 'Double Cabin', 4, '863456041234572', 'ACTIVE'),
(13, '17QW8830', '5 Ton', 5, '863456041234573', 'ACTIVE'),
(14, '17QW8831', 'Single Cabin', 5, '863456041234574', 'ACTIVE'),
(15, '17QW8832', 'Double Cabin', 5, '863456041234575', 'ACTIVE'),
(16, '22ZP4450', '5 Ton', 6, '863456041234576', 'ACTIVE'),
(17, '22ZP4451', 'Single Cabin', 6, '863456041234577', 'ACTIVE'),
(18, '22ZP4452', 'Double Cabin', 6, '863456041234578', 'ACTIVE'),
(19, '19BN2230', '5 Ton', 7, '863456041234579', 'ACTIVE'),
(20, '19BN2231', 'Single Cabin', 7, '863456041234580', 'ACTIVE'),
(21, '19BN2232', 'Double Cabin', 7, '863456041234581', 'ACTIVE'),
(22, '20TY6670', '5 Ton', 8, '863456041234582', 'ACTIVE'),
(23, '20TY6671', 'Single Cabin', 8, '863456041234583', 'ACTIVE'),
(24, '20TY6672', 'Double Cabin', 8, '863456041234584', 'ACTIVE'),
(25, '18UI0090', '5 Ton', 9, '863456041234585', 'ACTIVE'),
(26, '18UI0091', 'Single Cabin', 9, NULL, 'ACTIVE'),
(27, '18UI0092', 'Double Cabin', 9, NULL, 'ACTIVE'),
(28, '21PL7780', '5 Ton', 10, NULL, 'ACTIVE'),
(29, '21PL7781', 'Single Cabin', 10, NULL, 'ACTIVE'),
(30, '21PL7782', 'Double Cabin', 10, NULL, 'ACTIVE');

-- --------------------------------------------------------

--
-- Table structure for table `vehicle_status`
--

CREATE TABLE `vehicle_status` (
  `vehicle_id` int(11) NOT NULL,
  `latitude` decimal(11,8) DEFAULT NULL,
  `longitude` decimal(11,8) DEFAULT NULL,
  `speed` int(11) DEFAULT NULL,
  `last_ping` timestamp NOT NULL DEFAULT current_timestamp() ON UPDATE current_timestamp()
) ENGINE=InnoDB DEFAULT CHARSET=utf8mb4 COLLATE=utf8mb4_general_ci;

--
-- Dumping data for table `vehicle_status`
--

INSERT INTO `vehicle_status` (`vehicle_id`, `latitude`, `longitude`, `speed`, `last_ping`) VALUES
(1, 33.56541200, 73.07661700, 0, '2026-02-25 17:54:42'),
(2, 34.84910000, 73.59050000, 0, '2026-02-02 09:49:24'),
(3, 34.83110000, 73.57250000, 0, '2026-02-02 09:49:24'),
(4, 30.19210000, 71.39130000, 0, '2026-02-25 08:55:01'),
(5, 30.17410000, 71.40930000, 0, '2026-02-25 08:55:07'),
(6, 30.15610000, 71.39130000, 0, '2026-02-25 08:55:11'),
(7, 31.49670000, 74.41600000, 0, '2026-02-02 09:49:24'),
(8, 31.47870000, 74.43400000, 0, '2026-02-02 09:49:24'),
(9, 31.46070000, 74.41600000, 0, '2026-02-02 09:49:24'),
(10, 32.16550000, 74.19140000, 0, '2026-02-25 08:55:17'),
(11, 32.14750000, 74.20940000, 0, '2026-02-25 08:55:21'),
(12, 32.12950000, 74.19140000, 0, '2026-02-25 08:55:26'),
(13, 33.58700000, 73.08650000, 0, '2026-02-02 09:49:24'),
(14, 33.56900000, 73.10450000, 0, '2026-02-02 09:49:24'),
(15, 33.55100000, 73.08650000, 0, '2026-02-02 09:49:24'),
(16, 34.08440000, 72.14410000, 10, '2026-02-02 09:49:24'),
(17, 34.06640000, 72.16210000, 10, '2026-02-02 09:49:24'),
(18, 34.04840000, 72.14410000, 0, '2026-02-25 08:57:37'),
(19, 33.54500000, 73.11200000, 0, '2026-02-02 09:12:57'),
(20, 33.61200000, 72.93100000, 0, '2026-02-25 08:57:41'),
(21, 33.72000000, 73.06000000, 0, '2026-02-02 09:12:57'),
(22, 33.59000000, 73.03000000, 0, '2026-02-25 08:57:46'),
(23, 33.65000000, 73.02000000, 0, '2026-02-02 09:12:57'),
(24, 33.67000000, 73.01000000, 0, '2026-02-25 08:57:51'),
(25, 33.56900000, 73.06850000, 0, '2026-02-02 09:49:24');

-- --------------------------------------------------------

--
-- Table structure for table `violations_alerts`
--

CREATE TABLE `violations_alerts` (
  `alert_id` int(11) NOT NULL,
  `vehicle_id` int(11) NOT NULL,
  `latitude` decimal(11,8) DEFAULT NULL,
  `longitude` decimal(11,8) DEFAULT NULL,
  `location_name` varchar(255) DEFAULT NULL,
  `alert_type` varchar(50) NOT NULL,
  `details` text DEFAULT NULL,
  `is_resolved` tinyint(1) DEFAULT 0,
  `created_at` datetime DEFAULT current_timestamp()
) ENGINE=InnoDB DEFAULT CHARSET=utf8mb4 COLLATE=utf8mb4_general_ci;

--
-- Dumping data for table `violations_alerts`
--

INSERT INTO `violations_alerts` (`alert_id`, `vehicle_id`, `latitude`, `longitude`, `location_name`, `alert_type`, `details`, `is_resolved`, `created_at`) VALUES
(1, 1, NULL, NULL, NULL, 'PANIC', 'Panic button pressed', 0, '2026-02-25 19:40:00'),
(3, 1, 33.56542300, 73.07662200, 'Overhead bridge, راولپنڈی, تحصیل راولپنڈی چھاؤنی, ضلع راولپنڈی, راولپنڈی ڈویژن, پنجاب, 46600, پاکستان', 'PANIC', 'Panic button pressed', 0, '2026-02-25 19:50:13'),
(4, 1, 33.56541300, 73.07665300, 'Overhead bridge, راولپنڈی, تحصیل راولپنڈی چھاؤنی, ضلع راولپنڈی, راولپنڈی ڈویژن, پنجاب, 46600, پاکستان', 'SOS_TRIGGER', 'Panic button pressed', 0, '2026-02-25 22:20:42'),
(5, 1, 33.56541200, 73.07665300, 'Overhead bridge, راولپنڈی, تحصیل راولپنڈی چھاؤنی, ضلع راولپنڈی, راولپنڈی ڈویژن, پنجاب, 46600, پاکستان', 'SOS_TRIGGER', 'Panic button pressed', 0, '2026-02-25 22:21:18'),
(6, 1, 33.56541200, 73.07665300, 'Overhead bridge, راولپنڈی, تحصیل راولپنڈی چھاؤنی, ضلع راولپنڈی, راولپنڈی ڈویژن, پنجاب, 46600, پاکستان', 'SOS_TRIGGER', 'Panic button pressed', 0, '2026-02-25 22:21:19');

--
-- Indexes for dumped tables
--

--
-- Indexes for table `active_move`
--
ALTER TABLE `active_move`
  ADD PRIMARY KEY (`id`),
  ADD KEY `vehicle_id` (`vehicle_id`);

--
-- Indexes for table `move_history`
--
ALTER TABLE `move_history`
  ADD PRIMARY KEY (`history_id`),
  ADD KEY `vehicle_id` (`vehicle_id`);

--
-- Indexes for table `move_sanctions`
--
ALTER TABLE `move_sanctions`
  ADD PRIMARY KEY (`sanction_id`),
  ADD KEY `vehicle_id` (`vehicle_id`);

--
-- Indexes for table `units`
--
ALTER TABLE `units`
  ADD PRIMARY KEY (`unit_id`),
  ADD UNIQUE KEY `unit_name` (`unit_name`);

--
-- Indexes for table `vehicles`
--
ALTER TABLE `vehicles`
  ADD PRIMARY KEY (`vehicle_id`),
  ADD UNIQUE KEY `vehicle_no` (`vehicle_no`),
  ADD UNIQUE KEY `imei` (`imei`),
  ADD KEY `unit_id` (`unit_id`);

--
-- Indexes for table `vehicle_status`
--
ALTER TABLE `vehicle_status`
  ADD PRIMARY KEY (`vehicle_id`);

--
-- Indexes for table `violations_alerts`
--
ALTER TABLE `violations_alerts`
  ADD PRIMARY KEY (`alert_id`),
  ADD KEY `vehicle_id` (`vehicle_id`);

--
-- AUTO_INCREMENT for dumped tables
--

--
-- AUTO_INCREMENT for table `active_move`
--
ALTER TABLE `active_move`
  MODIFY `id` int(11) NOT NULL AUTO_INCREMENT, AUTO_INCREMENT=965;

--
-- AUTO_INCREMENT for table `move_history`
--
ALTER TABLE `move_history`
  MODIFY `history_id` int(11) NOT NULL AUTO_INCREMENT, AUTO_INCREMENT=6;

--
-- AUTO_INCREMENT for table `move_sanctions`
--
ALTER TABLE `move_sanctions`
  MODIFY `sanction_id` int(11) NOT NULL AUTO_INCREMENT, AUTO_INCREMENT=14;

--
-- AUTO_INCREMENT for table `units`
--
ALTER TABLE `units`
  MODIFY `unit_id` int(11) NOT NULL AUTO_INCREMENT, AUTO_INCREMENT=22;

--
-- AUTO_INCREMENT for table `vehicles`
--
ALTER TABLE `vehicles`
  MODIFY `vehicle_id` int(11) NOT NULL AUTO_INCREMENT, AUTO_INCREMENT=32;

--
-- AUTO_INCREMENT for table `violations_alerts`
--
ALTER TABLE `violations_alerts`
  MODIFY `alert_id` int(11) NOT NULL AUTO_INCREMENT, AUTO_INCREMENT=7;

--
-- Constraints for dumped tables
--

--
-- Constraints for table `active_move`
--
ALTER TABLE `active_move`
  ADD CONSTRAINT `active_move_ibfk_1` FOREIGN KEY (`vehicle_id`) REFERENCES `vehicles` (`vehicle_id`);

--
-- Constraints for table `move_history`
--
ALTER TABLE `move_history`
  ADD CONSTRAINT `move_history_ibfk_1` FOREIGN KEY (`vehicle_id`) REFERENCES `vehicles` (`vehicle_id`);

--
-- Constraints for table `move_sanctions`
--
ALTER TABLE `move_sanctions`
  ADD CONSTRAINT `move_sanctions_ibfk_1` FOREIGN KEY (`vehicle_id`) REFERENCES `vehicles` (`vehicle_id`);

--
-- Constraints for table `vehicles`
--
ALTER TABLE `vehicles`
  ADD CONSTRAINT `vehicles_ibfk_1` FOREIGN KEY (`unit_id`) REFERENCES `units` (`unit_id`);

--
-- Constraints for table `vehicle_status`
--
ALTER TABLE `vehicle_status`
  ADD CONSTRAINT `vehicle_status_ibfk_1` FOREIGN KEY (`vehicle_id`) REFERENCES `vehicles` (`vehicle_id`) ON DELETE CASCADE;

--
-- Constraints for table `violations_alerts`
--
ALTER TABLE `violations_alerts`
  ADD CONSTRAINT `violations_alerts_ibfk_1` FOREIGN KEY (`vehicle_id`) REFERENCES `vehicles` (`vehicle_id`) ON DELETE CASCADE;
COMMIT;

/*!40101 SET CHARACTER_SET_CLIENT=@OLD_CHARACTER_SET_CLIENT */;
/*!40101 SET CHARACTER_SET_RESULTS=@OLD_CHARACTER_SET_RESULTS */;
/*!40101 SET COLLATION_CONNECTION=@OLD_COLLATION_CONNECTION */;
